event,correct,total,accuracy,n_track,file
0,3,3,1.0,1,sim_1.csv
1,3,3,1.0,1,sim_1.csv
2,3,3,1.0,1,sim_1.csv
3,3,3,1.0,1,sim_1.csv
4,3,3,1.0,1,sim_1.csv
5,3,3,1.0,1,sim_1.csv
6,3,3,1.0,1,sim_1.csv
7,3,3,1.0,1,sim_1.csv
8,3,3,1.0,1,sim_1.csv
9,3,3,1.0,1,sim_1.csv
10,3,3,1.0,1,sim_1.csv
11,3,3,1.0,1,sim_1.csv
12,3,3,1.0,1,sim_1.csv
13,3,3,1.0,1,sim_1.csv
14,3,3,1.0,1,sim_1.csv
15,3,3,1.0,1,sim_1.csv
16,3,3,1.0,1,sim_1.csv
17,3,3,1.0,1,sim_1.csv
18,3,3,1.0,1,sim_1.csv
19,3,3,1.0,1,sim_1.csv
20,3,3,1.0,1,sim_1.csv
21,3,3,1.0,1,sim_1.csv
22,3,3,1.0,1,sim_1.csv
23,3,3,1.0,1,sim_1.csv
24,3,3,1.0,1,sim_1.csv
25,3,3,1.0,1,sim_1.csv
26,3,3,1.0,1,sim_1.csv
27,3,3,1.0,1,sim_1.csv
28,3,3,1.0,1,sim_1.csv
29,3,3,1.0,1,sim_1.csv
30,3,3,1.0,1,sim_1.csv
31,3,3,1.0,1,sim_1.csv
32,3,3,1.0,1,sim_1.csv
33,3,3,1.0,1,sim_1.csv
34,3,3,1.0,1,sim_1.csv
35,3,3,1.0,1,sim_1.csv
36,3,3,1.0,1,sim_1.csv
37,3,3,1.0,1,sim_1.csv
38,3,3,1.0,1,sim_1.csv
39,3,3,1.0,1,sim_1.csv
40,3,3,1.0,1,sim_1.csv
41,3,3,1.0,1,sim_1.csv
42,3,3,1.0,1,sim_1.csv
43,3,3,1.0,1,sim_1.csv
44,3,3,1.0,1,sim_1.csv
45,3,3,1.0,1,sim_1.csv
46,3,3,1.0,1,sim_1.csv
47,3,3,1.0,1,sim_1.csv
48,3,3,1.0,1,sim_1.csv
49,3,3,1.0,1,sim_1.csv
50,3,3,1.0,1,sim_1.csv
51,3,3,1.0,1,sim_1.csv
52,3,3,1.0,1,sim_1.csv
53,3,3,1.0,1,sim_1.csv
54,3,3,1.0,1,sim_1.csv
55,3,3,1.0,1,sim_1.csv
56,3,3,1.0,1,sim_1.csv
57,3,3,1.0,1,sim_1.csv
58,3,3,1.0,1,sim_1.csv
59,3,3,1.0,1,sim_1.csv
60,3,3,1.0,1,sim_1.csv
61,3,3,1.0,1,sim_1.csv
62,3,3,1.0,1,sim_1.csv
63,3,3,1.0,1,sim_1.csv
64,3,3,1.0,1,sim_1.csv
65,3,3,1.0,1,sim_1.csv
66,3,3,1.0,1,sim_1.csv
67,3,3,1.0,1,sim_1.csv
68,3,3,1.0,1,sim_1.csv
69,3,3,1.0,1,sim_1.csv
70,3,3,1.0,1,sim_1.csv
71,3,3,1.0,1,sim_1.csv
72,3,3,1.0,1,sim_1.csv
73,3,3,1.0,1,sim_1.csv
74,3,3,1.0,1,sim_1.csv
75,3,3,1.0,1,sim_1.csv
76,3,3,1.0,1,sim_1.csv
77,3,3,1.0,1,sim_1.csv
78,3,3,1.0,1,sim_1.csv
79,3,3,1.0,1,sim_1.csv
80,3,3,1.0,1,sim_1.csv
81,3,3,1.0,1,sim_1.csv
82,3,3,1.0,1,sim_1.csv
83,3,3,1.0,1,sim_1.csv
84,3,3,1.0,1,sim_1.csv
85,3,3,1.0,1,sim_1.csv
86,3,3,1.0,1,sim_1.csv
87,3,3,1.0,1,sim_1.csv
88,3,3,1.0,1,sim_1.csv
89,3,3,1.0,1,sim_1.csv
90,3,3,1.0,1,sim_1.csv
91,3,3,1.0,1,sim_1.csv
92,3,3,1.0,1,sim_1.csv
93,3,3,1.0,1,sim_1.csv
94,3,3,1.0,1,sim_1.csv
95,3,3,1.0,1,sim_1.csv
96,3,3,1.0,1,sim_1.csv
97,3,3,1.0,1,sim_1.csv
98,3,3,1.0,1,sim_1.csv
99,3,3,1.0,1,sim_1.csv
100,3,3,1.0,1,sim_1.csv
0,6,6,1.0,2,sim_2.csv
1,6,6,1.0,2,sim_2.csv
2,6,6,1.0,2,sim_2.csv
3,6,6,1.0,2,sim_2.csv
4,6,6,1.0,2,sim_2.csv
5,6,6,1.0,2,sim_2.csv
6,6,6,1.0,2,sim_2.csv
7,6,6,1.0,2,sim_2.csv
8,6,6,1.0,2,sim_2.csv
9,6,6,1.0,2,sim_2.csv
10,6,6,1.0,2,sim_2.csv
11,6,6,1.0,2,sim_2.csv
12,6,6,1.0,2,sim_2.csv
13,6,6,1.0,2,sim_2.csv
14,6,6,1.0,2,sim_2.csv
15,6,6,1.0,2,sim_2.csv
16,6,6,1.0,2,sim_2.csv
17,3,6,0.5,2,sim_2.csv
18,6,6,1.0,2,sim_2.csv
19,6,6,1.0,2,sim_2.csv
20,6,6,1.0,2,sim_2.csv
21,6,6,1.0,2,sim_2.csv
22,6,6,1.0,2,sim_2.csv
23,6,6,1.0,2,sim_2.csv
24,6,6,1.0,2,sim_2.csv
25,6,6,1.0,2,sim_2.csv
26,6,6,1.0,2,sim_2.csv
27,6,6,1.0,2,sim_2.csv
28,6,6,1.0,2,sim_2.csv
29,6,6,1.0,2,sim_2.csv
30,6,6,1.0,2,sim_2.csv
31,6,6,1.0,2,sim_2.csv
32,6,6,1.0,2,sim_2.csv
33,6,6,1.0,2,sim_2.csv
34,6,6,1.0,2,sim_2.csv
35,6,6,1.0,2,sim_2.csv
36,6,6,1.0,2,sim_2.csv
37,6,6,1.0,2,sim_2.csv
38,6,6,1.0,2,sim_2.csv
39,6,6,1.0,2,sim_2.csv
40,6,6,1.0,2,sim_2.csv
41,6,6,1.0,2,sim_2.csv
42,6,6,1.0,2,sim_2.csv
43,6,6,1.0,2,sim_2.csv
44,6,6,1.0,2,sim_2.csv
45,6,6,1.0,2,sim_2.csv
46,6,6,1.0,2,sim_2.csv
47,6,6,1.0,2,sim_2.csv
48,6,6,1.0,2,sim_2.csv
49,6,6,1.0,2,sim_2.csv
50,6,6,1.0,2,sim_2.csv
51,6,6,1.0,2,sim_2.csv
52,6,6,1.0,2,sim_2.csv
53,6,6,1.0,2,sim_2.csv
54,6,6,1.0,2,sim_2.csv
55,6,6,1.0,2,sim_2.csv
56,6,6,1.0,2,sim_2.csv
57,6,6,1.0,2,sim_2.csv
58,6,6,1.0,2,sim_2.csv
59,6,6,1.0,2,sim_2.csv
60,6,6,1.0,2,sim_2.csv
61,6,6,1.0,2,sim_2.csv
62,6,6,1.0,2,sim_2.csv
63,6,6,1.0,2,sim_2.csv
64,6,6,1.0,2,sim_2.csv
65,6,6,1.0,2,sim_2.csv
66,6,6,1.0,2,sim_2.csv
67,6,6,1.0,2,sim_2.csv
68,6,6,1.0,2,sim_2.csv
69,6,6,1.0,2,sim_2.csv
70,6,6,1.0,2,sim_2.csv
71,6,6,1.0,2,sim_2.csv
72,6,6,1.0,2,sim_2.csv
73,6,6,1.0,2,sim_2.csv
74,6,6,1.0,2,sim_2.csv
75,6,6,1.0,2,sim_2.csv
76,6,6,1.0,2,sim_2.csv
77,6,6,1.0,2,sim_2.csv
78,6,6,1.0,2,sim_2.csv
79,6,6,1.0,2,sim_2.csv
80,6,6,1.0,2,sim_2.csv
81,6,6,1.0,2,sim_2.csv
82,6,6,1.0,2,sim_2.csv
83,6,6,1.0,2,sim_2.csv
84,6,6,1.0,2,sim_2.csv
85,6,6,1.0,2,sim_2.csv
86,6,6,1.0,2,sim_2.csv
87,6,6,1.0,2,sim_2.csv
88,6,6,1.0,2,sim_2.csv
89,6,6,1.0,2,sim_2.csv
90,3,6,0.5,2,sim_2.csv
91,6,6,1.0,2,sim_2.csv
92,6,6,1.0,2,sim_2.csv
93,6,6,1.0,2,sim_2.csv
94,6,6,1.0,2,sim_2.csv
95,6,6,1.0,2,sim_2.csv
96,6,6,1.0,2,sim_2.csv
97,6,6,1.0,2,sim_2.csv
98,6,6,1.0,2,sim_2.csv
99,6,6,1.0,2,sim_2.csv
100,6,6,1.0,2,sim_2.csv
0,9,9,1.0,3,sim_3.csv
1,9,9,1.0,3,sim_3.csv
2,9,9,1.0,3,sim_3.csv
3,9,9,1.0,3,sim_3.csv
4,9,9,1.0,3,sim_3.csv
5,9,9,1.0,3,sim_3.csv
6,9,9,1.0,3,sim_3.csv
7,9,9,1.0,3,sim_3.csv
8,9,9,1.0,3,sim_3.csv
9,9,9,1.0,3,sim_3.csv
10,6,9,0.6666666666666666,3,sim_3.csv
11,9,9,1.0,3,sim_3.csv
12,9,9,1.0,3,sim_3.csv
13,9,9,1.0,3,sim_3.csv
14,9,9,1.0,3,sim_3.csv
15,9,9,1.0,3,sim_3.csv
16,9,9,1.0,3,sim_3.csv
17,9,9,1.0,3,sim_3.csv
18,9,9,1.0,3,sim_3.csv
19,9,9,1.0,3,sim_3.csv
20,9,9,1.0,3,sim_3.csv
21,9,9,1.0,3,sim_3.csv
22,9,9,1.0,3,sim_3.csv
23,9,9,1.0,3,sim_3.csv
24,9,9,1.0,3,sim_3.csv
25,9,9,1.0,3,sim_3.csv
26,9,9,1.0,3,sim_3.csv
27,9,9,1.0,3,sim_3.csv
28,9,9,1.0,3,sim_3.csv
29,9,9,1.0,3,sim_3.csv
30,9,9,1.0,3,sim_3.csv
31,9,9,1.0,3,sim_3.csv
32,9,9,1.0,3,sim_3.csv
33,9,9,1.0,3,sim_3.csv
34,9,9,1.0,3,sim_3.csv
35,9,9,1.0,3,sim_3.csv
36,9,9,1.0,3,sim_3.csv
37,9,9,1.0,3,sim_3.csv
38,9,9,1.0,3,sim_3.csv
39,9,9,1.0,3,sim_3.csv
40,9,9,1.0,3,sim_3.csv
41,9,9,1.0,3,sim_3.csv
42,9,9,1.0,3,sim_3.csv
43,9,9,1.0,3,sim_3.csv
44,9,9,1.0,3,sim_3.csv
45,9,9,1.0,3,sim_3.csv
46,9,9,1.0,3,sim_3.csv
47,9,9,1.0,3,sim_3.csv
48,9,9,1.0,3,sim_3.csv
49,9,9,1.0,3,sim_3.csv
50,9,9,1.0,3,sim_3.csv
51,9,9,1.0,3,sim_3.csv
52,9,9,1.0,3,sim_3.csv
53,9,9,1.0,3,sim_3.csv
54,9,9,1.0,3,sim_3.csv
55,9,9,1.0,3,sim_3.csv
56,9,9,1.0,3,sim_3.csv
57,9,9,1.0,3,sim_3.csv
58,9,9,1.0,3,sim_3.csv
59,9,9,1.0,3,sim_3.csv
60,9,9,1.0,3,sim_3.csv
61,6,9,0.6666666666666666,3,sim_3.csv
62,9,9,1.0,3,sim_3.csv
63,9,9,1.0,3,sim_3.csv
64,9,9,1.0,3,sim_3.csv
65,9,9,1.0,3,sim_3.csv
66,9,9,1.0,3,sim_3.csv
67,9,9,1.0,3,sim_3.csv
68,9,9,1.0,3,sim_3.csv
69,9,9,1.0,3,sim_3.csv
70,9,9,1.0,3,sim_3.csv
71,9,9,1.0,3,sim_3.csv
72,9,9,1.0,3,sim_3.csv
73,9,9,1.0,3,sim_3.csv
74,9,9,1.0,3,sim_3.csv
75,9,9,1.0,3,sim_3.csv
76,6,9,0.6666666666666666,3,sim_3.csv
77,9,9,1.0,3,sim_3.csv
78,9,9,1.0,3,sim_3.csv
79,9,9,1.0,3,sim_3.csv
80,9,9,1.0,3,sim_3.csv
81,9,9,1.0,3,sim_3.csv
82,9,9,1.0,3,sim_3.csv
83,9,9,1.0,3,sim_3.csv
84,9,9,1.0,3,sim_3.csv
85,9,9,1.0,3,sim_3.csv
86,9,9,1.0,3,sim_3.csv
87,9,9,1.0,3,sim_3.csv
88,9,9,1.0,3,sim_3.csv
89,9,9,1.0,3,sim_3.csv
90,9,9,1.0,3,sim_3.csv
91,9,9,1.0,3,sim_3.csv
92,9,9,1.0,3,sim_3.csv
93,9,9,1.0,3,sim_3.csv
94,9,9,1.0,3,sim_3.csv
95,9,9,1.0,3,sim_3.csv
96,9,9,1.0,3,sim_3.csv
97,9,9,1.0,3,sim_3.csv
98,9,9,1.0,3,sim_3.csv
99,6,9,0.6666666666666666,3,sim_3.csv
100,9,9,1.0,3,sim_3.csv
0,12,12,1.0,4,sim_4.csv
1,12,12,1.0,4,sim_4.csv
2,9,12,0.75,4,sim_4.csv
3,12,12,1.0,4,sim_4.csv
4,12,12,1.0,4,sim_4.csv
5,12,12,1.0,4,sim_4.csv
6,12,12,1.0,4,sim_4.csv
7,9,12,0.75,4,sim_4.csv
8,9,12,0.75,4,sim_4.csv
9,12,12,1.0,4,sim_4.csv
10,12,12,1.0,4,sim_4.csv
11,12,12,1.0,4,sim_4.csv
12,9,12,0.75,4,sim_4.csv
13,12,12,1.0,4,sim_4.csv
14,9,12,0.75,4,sim_4.csv
15,12,12,1.0,4,sim_4.csv
16,9,12,0.75,4,sim_4.csv
17,9,12,0.75,4,sim_4.csv
18,9,12,0.75,4,sim_4.csv
19,12,12,1.0,4,sim_4.csv
20,12,12,1.0,4,sim_4.csv
21,12,12,1.0,4,sim_4.csv
22,9,12,0.75,4,sim_4.csv
23,12,12,1.0,4,sim_4.csv
24,12,12,1.0,4,sim_4.csv
25,12,12,1.0,4,sim_4.csv
26,12,12,1.0,4,sim_4.csv
27,12,12,1.0,4,sim_4.csv
28,9,12,0.75,4,sim_4.csv
29,12,12,1.0,4,sim_4.csv
30,12,12,1.0,4,sim_4.csv
31,12,12,1.0,4,sim_4.csv
32,12,12,1.0,4,sim_4.csv
33,12,12,1.0,4,sim_4.csv
34,9,12,0.75,4,sim_4.csv
35,9,12,0.75,4,sim_4.csv
36,12,12,1.0,4,sim_4.csv
37,8,12,0.6666666666666666,4,sim_4.csv
38,12,12,1.0,4,sim_4.csv
39,12,12,1.0,4,sim_4.csv
40,12,12,1.0,4,sim_4.csv
41,9,12,0.75,4,sim_4.csv
42,12,12,1.0,4,sim_4.csv
43,12,12,1.0,4,sim_4.csv
44,12,12,1.0,4,sim_4.csv
45,12,12,1.0,4,sim_4.csv
46,12,12,1.0,4,sim_4.csv
47,12,12,1.0,4,sim_4.csv
48,12,12,1.0,4,sim_4.csv
49,12,12,1.0,4,sim_4.csv
50,12,12,1.0,4,sim_4.csv
51,12,12,1.0,4,sim_4.csv
52,12,12,1.0,4,sim_4.csv
53,12,12,1.0,4,sim_4.csv
54,9,12,0.75,4,sim_4.csv
55,9,12,0.75,4,sim_4.csv
56,8,12,0.6666666666666666,4,sim_4.csv
57,12,12,1.0,4,sim_4.csv
58,12,12,1.0,4,sim_4.csv
59,12,12,1.0,4,sim_4.csv
60,12,12,1.0,4,sim_4.csv
61,9,12,0.75,4,sim_4.csv
62,12,12,1.0,4,sim_4.csv
63,12,12,1.0,4,sim_4.csv
64,12,12,1.0,4,sim_4.csv
65,12,12,1.0,4,sim_4.csv
66,12,12,1.0,4,sim_4.csv
67,12,12,1.0,4,sim_4.csv
68,9,12,0.75,4,sim_4.csv
69,12,12,1.0,4,sim_4.csv
70,12,12,1.0,4,sim_4.csv
71,12,12,1.0,4,sim_4.csv
72,12,12,1.0,4,sim_4.csv
73,9,12,0.75,4,sim_4.csv
74,12,12,1.0,4,sim_4.csv
75,12,12,1.0,4,sim_4.csv
76,12,12,1.0,4,sim_4.csv
77,12,12,1.0,4,sim_4.csv
78,12,12,1.0,4,sim_4.csv
79,9,12,0.75,4,sim_4.csv
80,9,12,0.75,4,sim_4.csv
81,7,12,0.5833333333333334,4,sim_4.csv
82,12,12,1.0,4,sim_4.csv
83,12,12,1.0,4,sim_4.csv
84,9,12,0.75,4,sim_4.csv
85,12,12,1.0,4,sim_4.csv
86,12,12,1.0,4,sim_4.csv
87,9,12,0.75,4,sim_4.csv
88,9,12,0.75,4,sim_4.csv
89,12,12,1.0,4,sim_4.csv
90,12,12,1.0,4,sim_4.csv
91,12,12,1.0,4,sim_4.csv
92,12,12,1.0,4,sim_4.csv
93,12,12,1.0,4,sim_4.csv
94,12,12,1.0,4,sim_4.csv
95,9,12,0.75,4,sim_4.csv
96,8,12,0.6666666666666666,4,sim_4.csv
97,12,12,1.0,4,sim_4.csv
98,3,12,0.25,4,sim_4.csv
99,5,12,0.4166666666666667,4,sim_4.csv
100,12,12,1.0,4,sim_4.csv
0,12,15,0.8,5,sim_5.csv
1,15,15,1.0,5,sim_5.csv
2,15,15,1.0,5,sim_5.csv
3,12,15,0.8,5,sim_5.csv
4,15,15,1.0,5,sim_5.csv
5,15,15,1.0,5,sim_5.csv
6,12,15,0.8,5,sim_5.csv
7,12,15,0.8,5,sim_5.csv
8,15,15,1.0,5,sim_5.csv
9,15,15,1.0,5,sim_5.csv
10,15,15,1.0,5,sim_5.csv
11,15,15,1.0,5,sim_5.csv
12,12,15,0.8,5,sim_5.csv
13,15,15,1.0,5,sim_5.csv
14,12,15,0.8,5,sim_5.csv
15,15,15,1.0,5,sim_5.csv
16,7,15,0.4666666666666667,5,sim_5.csv
17,15,15,1.0,5,sim_5.csv
18,15,15,1.0,5,sim_5.csv
19,15,15,1.0,5,sim_5.csv
20,15,15,1.0,5,sim_5.csv
21,12,15,0.8,5,sim_5.csv
22,15,15,1.0,5,sim_5.csv
23,15,15,1.0,5,sim_5.csv
24,11,15,0.7333333333333333,5,sim_5.csv
25,15,15,1.0,5,sim_5.csv
26,12,15,0.8,5,sim_5.csv
27,12,15,0.8,5,sim_5.csv
28,15,15,1.0,5,sim_5.csv
29,15,15,1.0,5,sim_5.csv
30,9,15,0.6,5,sim_5.csv
31,15,15,1.0,5,sim_5.csv
32,15,15,1.0,5,sim_5.csv
33,12,15,0.8,5,sim_5.csv
34,15,15,1.0,5,sim_5.csv
35,15,15,1.0,5,sim_5.csv
36,12,15,0.8,5,sim_5.csv
37,15,15,1.0,5,sim_5.csv
38,15,15,1.0,5,sim_5.csv
39,15,15,1.0,5,sim_5.csv
40,15,15,1.0,5,sim_5.csv
41,15,15,1.0,5,sim_5.csv
42,12,15,0.8,5,sim_5.csv
43,5,15,0.3333333333333333,5,sim_5.csv
44,12,15,0.8,5,sim_5.csv
45,12,15,0.8,5,sim_5.csv
46,15,15,1.0,5,sim_5.csv
47,11,15,0.7333333333333333,5,sim_5.csv
48,15,15,1.0,5,sim_5.csv
49,10,15,0.6666666666666666,5,sim_5.csv
50,15,15,1.0,5,sim_5.csv
51,15,15,1.0,5,sim_5.csv
52,12,15,0.8,5,sim_5.csv
53,12,15,0.8,5,sim_5.csv
54,15,15,1.0,5,sim_5.csv
55,12,15,0.8,5,sim_5.csv
56,12,15,0.8,5,sim_5.csv
57,15,15,1.0,5,sim_5.csv
58,7,15,0.4666666666666667,5,sim_5.csv
59,15,15,1.0,5,sim_5.csv
60,15,15,1.0,5,sim_5.csv
61,15,15,1.0,5,sim_5.csv
62,12,15,0.8,5,sim_5.csv
63,8,15,0.5333333333333333,5,sim_5.csv
64,15,15,1.0,5,sim_5.csv
65,15,15,1.0,5,sim_5.csv
66,12,15,0.8,5,sim_5.csv
67,9,15,0.6,5,sim_5.csv
68,7,15,0.4666666666666667,5,sim_5.csv
69,12,15,0.8,5,sim_5.csv
70,10,15,0.6666666666666666,5,sim_5.csv
71,12,15,0.8,5,sim_5.csv
72,9,15,0.6,5,sim_5.csv
73,15,15,1.0,5,sim_5.csv
74,9,15,0.6,5,sim_5.csv
75,12,15,0.8,5,sim_5.csv
76,7,15,0.4666666666666667,5,sim_5.csv
77,15,15,1.0,5,sim_5.csv
78,15,15,1.0,5,sim_5.csv
79,15,15,1.0,5,sim_5.csv
80,15,15,1.0,5,sim_5.csv
81,15,15,1.0,5,sim_5.csv
82,12,15,0.8,5,sim_5.csv
83,15,15,1.0,5,sim_5.csv
84,11,15,0.7333333333333333,5,sim_5.csv
85,12,15,0.8,5,sim_5.csv
86,15,15,1.0,5,sim_5.csv
87,15,15,1.0,5,sim_5.csv
88,12,15,0.8,5,sim_5.csv
89,15,15,1.0,5,sim_5.csv
90,11,15,0.7333333333333333,5,sim_5.csv
91,11,15,0.7333333333333333,5,sim_5.csv
92,12,15,0.8,5,sim_5.csv
93,15,15,1.0,5,sim_5.csv
94,9,15,0.6,5,sim_5.csv
95,15,15,1.0,5,sim_5.csv
96,15,15,1.0,5,sim_5.csv
97,12,15,0.8,5,sim_5.csv
98,12,15,0.8,5,sim_5.csv
99,15,15,1.0,5,sim_5.csv
100,7,15,0.4666666666666667,5,sim_5.csv
0,18,18,1.0,6,sim_6.csv
1,15,18,0.8333333333333334,6,sim_6.csv
2,14,18,0.7777777777777778,6,sim_6.csv
3,10,18,0.5555555555555556,6,sim_6.csv
4,14,18,0.7777777777777778,6,sim_6.csv
5,15,18,0.8333333333333334,6,sim_6.csv
6,15,18,0.8333333333333334,6,sim_6.csv
7,15,18,0.8333333333333334,6,sim_6.csv
8,9,18,0.5,6,sim_6.csv
9,18,18,1.0,6,sim_6.csv
10,18,18,1.0,6,sim_6.csv
11,15,18,0.8333333333333334,6,sim_6.csv
12,12,18,0.6666666666666666,6,sim_6.csv
13,14,18,0.7777777777777778,6,sim_6.csv
14,14,18,0.7777777777777778,6,sim_6.csv
15,11,18,0.6111111111111112,6,sim_6.csv
16,13,18,0.7222222222222222,6,sim_6.csv
17,15,18,0.8333333333333334,6,sim_6.csv
18,13,18,0.7222222222222222,6,sim_6.csv
19,15,18,0.8333333333333334,6,sim_6.csv
20,18,18,1.0,6,sim_6.csv
21,15,18,0.8333333333333334,6,sim_6.csv
22,9,18,0.5,6,sim_6.csv
23,15,18,0.8333333333333334,6,sim_6.csv
24,14,18,0.7777777777777778,6,sim_6.csv
25,15,18,0.8333333333333334,6,sim_6.csv
26,15,18,0.8333333333333334,6,sim_6.csv
27,12,18,0.6666666666666666,6,sim_6.csv
28,14,18,0.7777777777777778,6,sim_6.csv
29,14,18,0.7777777777777778,6,sim_6.csv
30,12,18,0.6666666666666666,6,sim_6.csv
31,15,18,0.8333333333333334,6,sim_6.csv
32,18,18,1.0,6,sim_6.csv
33,15,18,0.8333333333333334,6,sim_6.csv
34,18,18,1.0,6,sim_6.csv
35,13,18,0.7222222222222222,6,sim_6.csv
36,13,18,0.7222222222222222,6,sim_6.csv
37,11,18,0.6111111111111112,6,sim_6.csv
38,15,18,0.8333333333333334,6,sim_6.csv
39,7,18,0.3888888888888889,6,sim_6.csv
40,14,18,0.7777777777777778,6,sim_6.csv
41,13,18,0.7222222222222222,6,sim_6.csv
42,15,18,0.8333333333333334,6,sim_6.csv
43,13,18,0.7222222222222222,6,sim_6.csv
44,15,18,0.8333333333333334,6,sim_6.csv
45,10,18,0.5555555555555556,6,sim_6.csv
46,18,18,1.0,6,sim_6.csv
47,18,18,1.0,6,sim_6.csv
48,14,18,0.7777777777777778,6,sim_6.csv
49,15,18,0.8333333333333334,6,sim_6.csv
50,15,18,0.8333333333333334,6,sim_6.csv
51,15,18,0.8333333333333334,6,sim_6.csv
52,13,18,0.7222222222222222,6,sim_6.csv
53,10,18,0.5555555555555556,6,sim_6.csv
54,12,18,0.6666666666666666,6,sim_6.csv
55,15,18,0.8333333333333334,6,sim_6.csv
56,15,18,0.8333333333333334,6,sim_6.csv
57,18,18,1.0,6,sim_6.csv
58,15,18,0.8333333333333334,6,sim_6.csv
59,14,18,0.7777777777777778,6,sim_6.csv
60,15,18,0.8333333333333334,6,sim_6.csv
61,15,18,0.8333333333333334,6,sim_6.csv
62,18,18,1.0,6,sim_6.csv
63,14,18,0.7777777777777778,6,sim_6.csv
64,15,18,0.8333333333333334,6,sim_6.csv
65,15,18,0.8333333333333334,6,sim_6.csv
66,11,18,0.6111111111111112,6,sim_6.csv
67,12,18,0.6666666666666666,6,sim_6.csv
68,8,18,0.4444444444444444,6,sim_6.csv
69,14,18,0.7777777777777778,6,sim_6.csv
70,15,18,0.8333333333333334,6,sim_6.csv
71,15,18,0.8333333333333334,6,sim_6.csv
72,9,18,0.5,6,sim_6.csv
73,10,18,0.5555555555555556,6,sim_6.csv
74,15,18,0.8333333333333334,6,sim_6.csv
75,9,18,0.5,6,sim_6.csv
76,15,18,0.8333333333333334,6,sim_6.csv
77,10,18,0.5555555555555556,6,sim_6.csv
78,18,18,1.0,6,sim_6.csv
79,15,18,0.8333333333333334,6,sim_6.csv
80,18,18,1.0,6,sim_6.csv
81,18,18,1.0,6,sim_6.csv
82,13,18,0.7222222222222222,6,sim_6.csv
83,15,18,0.8333333333333334,6,sim_6.csv
84,11,18,0.6111111111111112,6,sim_6.csv
85,14,18,0.7777777777777778,6,sim_6.csv
86,15,18,0.8333333333333334,6,sim_6.csv
87,15,18,0.8333333333333334,6,sim_6.csv
88,15,18,0.8333333333333334,6,sim_6.csv
89,18,18,1.0,6,sim_6.csv
90,9,18,0.5,6,sim_6.csv
91,14,18,0.7777777777777778,6,sim_6.csv
92,18,18,1.0,6,sim_6.csv
93,10,18,0.5555555555555556,6,sim_6.csv
94,13,18,0.7222222222222222,6,sim_6.csv
95,15,18,0.8333333333333334,6,sim_6.csv
96,15,18,0.8333333333333334,6,sim_6.csv
97,18,18,1.0,6,sim_6.csv
98,15,18,0.8333333333333334,6,sim_6.csv
99,15,18,0.8333333333333334,6,sim_6.csv
100,15,18,0.8333333333333334,6,sim_6.csv
0,10,21,0.47619047619047616,7,sim_7.csv
1,11,21,0.5238095238095238,7,sim_7.csv
2,21,21,1.0,7,sim_7.csv
3,14,21,0.6666666666666666,7,sim_7.csv
4,18,21,0.8571428571428571,7,sim_7.csv
5,21,21,1.0,7,sim_7.csv
6,10,21,0.47619047619047616,7,sim_7.csv
7,17,21,0.8095238095238095,7,sim_7.csv
8,8,21,0.38095238095238093,7,sim_7.csv
9,12,21,0.5714285714285714,7,sim_7.csv
10,18,21,0.8571428571428571,7,sim_7.csv
11,18,21,0.8571428571428571,7,sim_7.csv
12,11,21,0.5238095238095238,7,sim_7.csv
13,17,21,0.8095238095238095,7,sim_7.csv
14,12,21,0.5714285714285714,7,sim_7.csv
15,21,21,1.0,7,sim_7.csv
16,11,21,0.5238095238095238,7,sim_7.csv
17,11,21,0.5238095238095238,7,sim_7.csv
18,12,21,0.5714285714285714,7,sim_7.csv
19,15,21,0.7142857142857143,7,sim_7.csv
20,12,21,0.5714285714285714,7,sim_7.csv
21,12,21,0.5714285714285714,7,sim_7.csv
22,18,21,0.8571428571428571,7,sim_7.csv
23,12,21,0.5714285714285714,7,sim_7.csv
24,21,21,1.0,7,sim_7.csv
25,21,21,1.0,7,sim_7.csv
26,21,21,1.0,7,sim_7.csv
27,16,21,0.7619047619047619,7,sim_7.csv
28,16,21,0.7619047619047619,7,sim_7.csv
29,15,21,0.7142857142857143,7,sim_7.csv
30,13,21,0.6190476190476191,7,sim_7.csv
31,18,21,0.8571428571428571,7,sim_7.csv
32,16,21,0.7619047619047619,7,sim_7.csv
33,17,21,0.8095238095238095,7,sim_7.csv
34,18,21,0.8571428571428571,7,sim_7.csv
35,15,21,0.7142857142857143,7,sim_7.csv
36,17,21,0.8095238095238095,7,sim_7.csv
37,17,21,0.8095238095238095,7,sim_7.csv
38,10,21,0.47619047619047616,7,sim_7.csv
39,18,21,0.8571428571428571,7,sim_7.csv
40,21,21,1.0,7,sim_7.csv
41,16,21,0.7619047619047619,7,sim_7.csv
42,10,21,0.47619047619047616,7,sim_7.csv
43,13,21,0.6190476190476191,7,sim_7.csv
44,18,21,0.8571428571428571,7,sim_7.csv
45,17,21,0.8095238095238095,7,sim_7.csv
46,18,21,0.8571428571428571,7,sim_7.csv
47,17,21,0.8095238095238095,7,sim_7.csv
48,18,21,0.8571428571428571,7,sim_7.csv
49,16,21,0.7619047619047619,7,sim_7.csv
50,21,21,1.0,7,sim_7.csv
51,16,21,0.7619047619047619,7,sim_7.csv
52,12,21,0.5714285714285714,7,sim_7.csv
53,13,21,0.6190476190476191,7,sim_7.csv
54,18,21,0.8571428571428571,7,sim_7.csv
55,14,21,0.6666666666666666,7,sim_7.csv
56,14,21,0.6666666666666666,7,sim_7.csv
57,17,21,0.8095238095238095,7,sim_7.csv
58,18,21,0.8571428571428571,7,sim_7.csv
59,13,21,0.6190476190476191,7,sim_7.csv
60,12,21,0.5714285714285714,7,sim_7.csv
61,14,21,0.6666666666666666,7,sim_7.csv
62,13,21,0.6190476190476191,7,sim_7.csv
63,10,21,0.47619047619047616,7,sim_7.csv
64,17,21,0.8095238095238095,7,sim_7.csv
65,15,21,0.7142857142857143,7,sim_7.csv
66,12,21,0.5714285714285714,7,sim_7.csv
67,12,21,0.5714285714285714,7,sim_7.csv
68,17,21,0.8095238095238095,7,sim_7.csv
69,11,21,0.5238095238095238,7,sim_7.csv
70,12,21,0.5714285714285714,7,sim_7.csv
71,10,21,0.47619047619047616,7,sim_7.csv
72,13,21,0.6190476190476191,7,sim_7.csv
73,17,21,0.8095238095238095,7,sim_7.csv
74,17,21,0.8095238095238095,7,sim_7.csv
75,17,21,0.8095238095238095,7,sim_7.csv
76,12,21,0.5714285714285714,7,sim_7.csv
77,16,21,0.7619047619047619,7,sim_7.csv
78,18,21,0.8571428571428571,7,sim_7.csv
79,17,21,0.8095238095238095,7,sim_7.csv
80,7,21,0.3333333333333333,7,sim_7.csv
81,17,21,0.8095238095238095,7,sim_7.csv
82,15,21,0.7142857142857143,7,sim_7.csv
83,16,21,0.7619047619047619,7,sim_7.csv
84,16,21,0.7619047619047619,7,sim_7.csv
85,14,21,0.6666666666666666,7,sim_7.csv
86,14,21,0.6666666666666666,7,sim_7.csv
87,16,21,0.7619047619047619,7,sim_7.csv
88,9,21,0.42857142857142855,7,sim_7.csv
89,14,21,0.6666666666666666,7,sim_7.csv
90,16,21,0.7619047619047619,7,sim_7.csv
91,21,21,1.0,7,sim_7.csv
92,16,21,0.7619047619047619,7,sim_7.csv
93,12,21,0.5714285714285714,7,sim_7.csv
94,12,21,0.5714285714285714,7,sim_7.csv
95,18,21,0.8571428571428571,7,sim_7.csv
96,13,21,0.6190476190476191,7,sim_7.csv
97,13,21,0.6190476190476191,7,sim_7.csv
98,11,21,0.5238095238095238,7,sim_7.csv
99,15,21,0.7142857142857143,7,sim_7.csv
100,18,21,0.8571428571428571,7,sim_7.csv
0,21,24,0.875,8,sim_8.csv
1,15,24,0.625,8,sim_8.csv
2,15,24,0.625,8,sim_8.csv
3,21,24,0.875,8,sim_8.csv
4,18,24,0.75,8,sim_8.csv
5,20,24,0.8333333333333334,8,sim_8.csv
6,17,24,0.7083333333333334,8,sim_8.csv
7,17,24,0.7083333333333334,8,sim_8.csv
8,21,24,0.875,8,sim_8.csv
9,17,24,0.7083333333333334,8,sim_8.csv
10,15,24,0.625,8,sim_8.csv
11,17,24,0.7083333333333334,8,sim_8.csv
12,10,24,0.4166666666666667,8,sim_8.csv
13,8,24,0.3333333333333333,8,sim_8.csv
14,10,24,0.4166666666666667,8,sim_8.csv
15,17,24,0.7083333333333334,8,sim_8.csv
16,12,24,0.5,8,sim_8.csv
17,17,24,0.7083333333333334,8,sim_8.csv
18,13,24,0.5416666666666666,8,sim_8.csv
19,18,24,0.75,8,sim_8.csv
20,20,24,0.8333333333333334,8,sim_8.csv
21,19,24,0.7916666666666666,8,sim_8.csv
22,14,24,0.5833333333333334,8,sim_8.csv
23,18,24,0.75,8,sim_8.csv
24,18,24,0.75,8,sim_8.csv
25,11,24,0.4583333333333333,8,sim_8.csv
26,19,24,0.7916666666666666,8,sim_8.csv
27,10,24,0.4166666666666667,8,sim_8.csv
28,13,24,0.5416666666666666,8,sim_8.csv
29,11,24,0.4583333333333333,8,sim_8.csv
30,14,24,0.5833333333333334,8,sim_8.csv
31,14,24,0.5833333333333334,8,sim_8.csv
32,21,24,0.875,8,sim_8.csv
33,13,24,0.5416666666666666,8,sim_8.csv
34,14,24,0.5833333333333334,8,sim_8.csv
35,16,24,0.6666666666666666,8,sim_8.csv
36,17,24,0.7083333333333334,8,sim_8.csv
37,12,24,0.5,8,sim_8.csv
38,17,24,0.7083333333333334,8,sim_8.csv
39,17,24,0.7083333333333334,8,sim_8.csv
40,7,24,0.2916666666666667,8,sim_8.csv
41,15,24,0.625,8,sim_8.csv
42,18,24,0.75,8,sim_8.csv
43,19,24,0.7916666666666666,8,sim_8.csv
44,17,24,0.7083333333333334,8,sim_8.csv
45,19,24,0.7916666666666666,8,sim_8.csv
46,14,24,0.5833333333333334,8,sim_8.csv
47,10,24,0.4166666666666667,8,sim_8.csv
48,15,24,0.625,8,sim_8.csv
49,21,24,0.875,8,sim_8.csv
50,19,24,0.7916666666666666,8,sim_8.csv
51,8,24,0.3333333333333333,8,sim_8.csv
52,11,24,0.4583333333333333,8,sim_8.csv
53,16,24,0.6666666666666666,8,sim_8.csv
54,20,24,0.8333333333333334,8,sim_8.csv
55,21,24,0.875,8,sim_8.csv
56,7,24,0.2916666666666667,8,sim_8.csv
57,20,24,0.8333333333333334,8,sim_8.csv
58,17,24,0.7083333333333334,8,sim_8.csv
59,8,24,0.3333333333333333,8,sim_8.csv
60,20,24,0.8333333333333334,8,sim_8.csv
61,17,24,0.7083333333333334,8,sim_8.csv
62,19,24,0.7916666666666666,8,sim_8.csv
63,24,24,1.0,8,sim_8.csv
64,21,24,0.875,8,sim_8.csv
65,20,24,0.8333333333333334,8,sim_8.csv
66,11,24,0.4583333333333333,8,sim_8.csv
67,20,24,0.8333333333333334,8,sim_8.csv
68,15,24,0.625,8,sim_8.csv
69,21,24,0.875,8,sim_8.csv
70,15,24,0.625,8,sim_8.csv
71,15,24,0.625,8,sim_8.csv
72,12,24,0.5,8,sim_8.csv
73,13,24,0.5416666666666666,8,sim_8.csv
74,18,24,0.75,8,sim_8.csv
75,15,24,0.625,8,sim_8.csv
76,13,24,0.5416666666666666,8,sim_8.csv
77,21,24,0.875,8,sim_8.csv
78,12,24,0.5,8,sim_8.csv
79,20,24,0.8333333333333334,8,sim_8.csv
80,11,24,0.4583333333333333,8,sim_8.csv
81,7,24,0.2916666666666667,8,sim_8.csv
82,20,24,0.8333333333333334,8,sim_8.csv
83,19,24,0.7916666666666666,8,sim_8.csv
84,12,24,0.5,8,sim_8.csv
85,21,24,0.875,8,sim_8.csv
86,21,24,0.875,8,sim_8.csv
87,14,24,0.5833333333333334,8,sim_8.csv
88,21,24,0.875,8,sim_8.csv
89,13,24,0.5416666666666666,8,sim_8.csv
90,17,24,0.7083333333333334,8,sim_8.csv
91,20,24,0.8333333333333334,8,sim_8.csv
92,12,24,0.5,8,sim_8.csv
93,14,24,0.5833333333333334,8,sim_8.csv
94,17,24,0.7083333333333334,8,sim_8.csv
95,21,24,0.875,8,sim_8.csv
96,15,24,0.625,8,sim_8.csv
97,11,24,0.4583333333333333,8,sim_8.csv
98,13,24,0.5416666666666666,8,sim_8.csv
99,8,24,0.3333333333333333,8,sim_8.csv
100,14,24,0.5833333333333334,8,sim_8.csv
0,15,27,0.5555555555555556,9,sim_9.csv
1,12,27,0.4444444444444444,9,sim_9.csv
2,9,27,0.3333333333333333,9,sim_9.csv
3,15,27,0.5555555555555556,9,sim_9.csv
4,20,27,0.7407407407407407,9,sim_9.csv
5,11,27,0.4074074074074074,9,sim_9.csv
6,17,27,0.6296296296296297,9,sim_9.csv
7,12,27,0.4444444444444444,9,sim_9.csv
8,13,27,0.48148148148148145,9,sim_9.csv
9,24,27,0.8888888888888888,9,sim_9.csv
10,9,27,0.3333333333333333,9,sim_9.csv
11,16,27,0.5925925925925926,9,sim_9.csv
12,12,27,0.4444444444444444,9,sim_9.csv
13,18,27,0.6666666666666666,9,sim_9.csv
14,19,27,0.7037037037037037,9,sim_9.csv
15,24,27,0.8888888888888888,9,sim_9.csv
16,13,27,0.48148148148148145,9,sim_9.csv
17,24,27,0.8888888888888888,9,sim_9.csv
18,17,27,0.6296296296296297,9,sim_9.csv
19,18,27,0.6666666666666666,9,sim_9.csv
20,11,27,0.4074074074074074,9,sim_9.csv
21,17,27,0.6296296296296297,9,sim_9.csv
22,21,27,0.7777777777777778,9,sim_9.csv
23,12,27,0.4444444444444444,9,sim_9.csv
24,15,27,0.5555555555555556,9,sim_9.csv
25,11,27,0.4074074074074074,9,sim_9.csv
26,21,27,0.7777777777777778,9,sim_9.csv
27,17,27,0.6296296296296297,9,sim_9.csv
28,20,27,0.7407407407407407,9,sim_9.csv
29,10,27,0.37037037037037035,9,sim_9.csv
30,8,27,0.2962962962962963,9,sim_9.csv
31,9,27,0.3333333333333333,9,sim_9.csv
32,11,27,0.4074074074074074,9,sim_9.csv
33,20,27,0.7407407407407407,9,sim_9.csv
34,11,27,0.4074074074074074,9,sim_9.csv
35,24,27,0.8888888888888888,9,sim_9.csv
36,19,27,0.7037037037037037,9,sim_9.csv
37,20,27,0.7407407407407407,9,sim_9.csv
38,19,27,0.7037037037037037,9,sim_9.csv
39,14,27,0.5185185185185185,9,sim_9.csv
40,16,27,0.5925925925925926,9,sim_9.csv
41,22,27,0.8148148148148148,9,sim_9.csv
42,10,27,0.37037037037037035,9,sim_9.csv
43,12,27,0.4444444444444444,9,sim_9.csv
44,12,27,0.4444444444444444,9,sim_9.csv
45,14,27,0.5185185185185185,9,sim_9.csv
46,18,27,0.6666666666666666,9,sim_9.csv
47,17,27,0.6296296296296297,9,sim_9.csv
48,14,27,0.5185185185185185,9,sim_9.csv
49,13,27,0.48148148148148145,9,sim_9.csv
50,19,27,0.7037037037037037,9,sim_9.csv
51,21,27,0.7777777777777778,9,sim_9.csv
52,23,27,0.8518518518518519,9,sim_9.csv
53,24,27,0.8888888888888888,9,sim_9.csv
54,27,27,1.0,9,sim_9.csv
55,10,27,0.37037037037037035,9,sim_9.csv
56,16,27,0.5925925925925926,9,sim_9.csv
57,14,27,0.5185185185185185,9,sim_9.csv
58,10,27,0.37037037037037035,9,sim_9.csv
59,13,27,0.48148148148148145,9,sim_9.csv
60,17,27,0.6296296296296297,9,sim_9.csv
61,15,27,0.5555555555555556,9,sim_9.csv
62,20,27,0.7407407407407407,9,sim_9.csv
63,6,27,0.2222222222222222,9,sim_9.csv
64,9,27,0.3333333333333333,9,sim_9.csv
65,15,27,0.5555555555555556,9,sim_9.csv
66,22,27,0.8148148148148148,9,sim_9.csv
67,17,27,0.6296296296296297,9,sim_9.csv
68,11,27,0.4074074074074074,9,sim_9.csv
69,12,27,0.4444444444444444,9,sim_9.csv
70,14,27,0.5185185185185185,9,sim_9.csv
71,21,27,0.7777777777777778,9,sim_9.csv
72,23,27,0.8518518518518519,9,sim_9.csv
73,10,27,0.37037037037037035,9,sim_9.csv
74,15,27,0.5555555555555556,9,sim_9.csv
75,16,27,0.5925925925925926,9,sim_9.csv
76,17,27,0.6296296296296297,9,sim_9.csv
77,18,27,0.6666666666666666,9,sim_9.csv
78,11,27,0.4074074074074074,9,sim_9.csv
79,22,27,0.8148148148148148,9,sim_9.csv
80,9,27,0.3333333333333333,9,sim_9.csv
81,16,27,0.5925925925925926,9,sim_9.csv
82,21,27,0.7777777777777778,9,sim_9.csv
83,18,27,0.6666666666666666,9,sim_9.csv
84,14,27,0.5185185185185185,9,sim_9.csv
85,24,27,0.8888888888888888,9,sim_9.csv
86,24,27,0.8888888888888888,9,sim_9.csv
87,18,27,0.6666666666666666,9,sim_9.csv
88,15,27,0.5555555555555556,9,sim_9.csv
89,17,27,0.6296296296296297,9,sim_9.csv
90,7,27,0.25925925925925924,9,sim_9.csv
91,13,27,0.48148148148148145,9,sim_9.csv
92,13,27,0.48148148148148145,9,sim_9.csv
93,18,27,0.6666666666666666,9,sim_9.csv
94,18,27,0.6666666666666666,9,sim_9.csv
95,14,27,0.5185185185185185,9,sim_9.csv
96,18,27,0.6666666666666666,9,sim_9.csv
97,14,27,0.5185185185185185,9,sim_9.csv
98,10,27,0.37037037037037035,9,sim_9.csv
99,20,27,0.7407407407407407,9,sim_9.csv
100,17,27,0.6296296296296297,9,sim_9.csv
0,20,30,0.6666666666666666,10,sim_10.csv
1,10,30,0.3333333333333333,10,sim_10.csv
2,18,30,0.6,10,sim_10.csv
3,10,30,0.3333333333333333,10,sim_10.csv
4,16,30,0.5333333333333333,10,sim_10.csv
5,15,30,0.5,10,sim_10.csv
6,17,30,0.5666666666666667,10,sim_10.csv
7,12,30,0.4,10,sim_10.csv
8,17,30,0.5666666666666667,10,sim_10.csv
9,23,30,0.7666666666666667,10,sim_10.csv
10,16,30,0.5333333333333333,10,sim_10.csv
11,16,30,0.5333333333333333,10,sim_10.csv
12,18,30,0.6,10,sim_10.csv
13,25,30,0.8333333333333334,10,sim_10.csv
14,17,30,0.5666666666666667,10,sim_10.csv
15,17,30,0.5666666666666667,10,sim_10.csv
16,23,30,0.7666666666666667,10,sim_10.csv
17,14,30,0.4666666666666667,10,sim_10.csv
18,10,30,0.3333333333333333,10,sim_10.csv
19,24,30,0.8,10,sim_10.csv
20,18,30,0.6,10,sim_10.csv
21,13,30,0.43333333333333335,10,sim_10.csv
22,22,30,0.7333333333333333,10,sim_10.csv
23,23,30,0.7666666666666667,10,sim_10.csv
24,11,30,0.36666666666666664,10,sim_10.csv
25,19,30,0.6333333333333333,10,sim_10.csv
26,27,30,0.9,10,sim_10.csv
27,8,30,0.26666666666666666,10,sim_10.csv
28,11,30,0.36666666666666664,10,sim_10.csv
29,15,30,0.5,10,sim_10.csv
30,11,30,0.36666666666666664,10,sim_10.csv
31,14,30,0.4666666666666667,10,sim_10.csv
32,21,30,0.7,10,sim_10.csv
33,19,30,0.6333333333333333,10,sim_10.csv
34,22,30,0.7333333333333333,10,sim_10.csv
35,13,30,0.43333333333333335,10,sim_10.csv
36,16,30,0.5333333333333333,10,sim_10.csv
37,22,30,0.7333333333333333,10,sim_10.csv
38,24,30,0.8,10,sim_10.csv
39,14,30,0.4666666666666667,10,sim_10.csv
40,19,30,0.6333333333333333,10,sim_10.csv
41,22,30,0.7333333333333333,10,sim_10.csv
42,7,30,0.23333333333333334,10,sim_10.csv
43,21,30,0.7,10,sim_10.csv
44,18,30,0.6,10,sim_10.csv
45,15,30,0.5,10,sim_10.csv
46,18,30,0.6,10,sim_10.csv
47,17,30,0.5666666666666667,10,sim_10.csv
48,20,30,0.6666666666666666,10,sim_10.csv
49,21,30,0.7,10,sim_10.csv
50,17,30,0.5666666666666667,10,sim_10.csv
51,24,30,0.8,10,sim_10.csv
52,19,30,0.6333333333333333,10,sim_10.csv
53,15,30,0.5,10,sim_10.csv
54,20,30,0.6666666666666666,10,sim_10.csv
55,13,30,0.43333333333333335,10,sim_10.csv
56,17,30,0.5666666666666667,10,sim_10.csv
57,10,30,0.3333333333333333,10,sim_10.csv
58,14,30,0.4666666666666667,10,sim_10.csv
59,20,30,0.6666666666666666,10,sim_10.csv
60,23,30,0.7666666666666667,10,sim_10.csv
61,15,30,0.5,10,sim_10.csv
62,13,30,0.43333333333333335,10,sim_10.csv
63,26,30,0.8666666666666667,10,sim_10.csv
64,24,30,0.8,10,sim_10.csv
65,9,30,0.3,10,sim_10.csv
66,21,30,0.7,10,sim_10.csv
67,17,30,0.5666666666666667,10,sim_10.csv
68,9,30,0.3,10,sim_10.csv
69,22,30,0.7333333333333333,10,sim_10.csv
70,17,30,0.5666666666666667,10,sim_10.csv
71,17,30,0.5666666666666667,10,sim_10.csv
72,24,30,0.8,10,sim_10.csv
73,23,30,0.7666666666666667,10,sim_10.csv
74,18,30,0.6,10,sim_10.csv
75,18,30,0.6,10,sim_10.csv
76,16,30,0.5333333333333333,10,sim_10.csv
77,17,30,0.5666666666666667,10,sim_10.csv
78,19,30,0.6333333333333333,10,sim_10.csv
79,20,30,0.6666666666666666,10,sim_10.csv
80,16,30,0.5333333333333333,10,sim_10.csv
81,10,30,0.3333333333333333,10,sim_10.csv
82,14,30,0.4666666666666667,10,sim_10.csv
83,16,30,0.5333333333333333,10,sim_10.csv
84,25,30,0.8333333333333334,10,sim_10.csv
85,17,30,0.5666666666666667,10,sim_10.csv
86,23,30,0.7666666666666667,10,sim_10.csv
87,19,30,0.6333333333333333,10,sim_10.csv
88,10,30,0.3333333333333333,10,sim_10.csv
89,13,30,0.43333333333333335,10,sim_10.csv
90,15,30,0.5,10,sim_10.csv
91,22,30,0.7333333333333333,10,sim_10.csv
92,20,30,0.6666666666666666,10,sim_10.csv
93,13,30,0.43333333333333335,10,sim_10.csv
94,22,30,0.7333333333333333,10,sim_10.csv
95,19,30,0.6333333333333333,10,sim_10.csv
96,21,30,0.7,10,sim_10.csv
97,15,30,0.5,10,sim_10.csv
98,13,30,0.43333333333333335,10,sim_10.csv
99,8,30,0.26666666666666666,10,sim_10.csv
100,13,30,0.43333333333333335,10,sim_10.csv
