event,x_pos,y_pos,z_pos,trk_index,trk_nr
0,135.5054094853325,119.50097011496844,0.0,1,4.0
0,140.33650078758797,131.05616057710483,-8.5,1,4.0
0,145.16566611524567,142.6287347933522,-17.0,1,4.0
0,116.09979159111477,89.60933442131743,0.0,2,1.0
0,109.50762874950895,91.65106634761892,-8.5,2,1.0
0,102.92354034637653,93.6923856862969,-17.0,2,1.0
0,63.20729872634521,1.6970721807376004,0.0,3,3.0
0,67.97247658065184,45.102078080760414,-8.5,3,3.0
0,72.71437502081956,88.49776632826817,-17.0,3,3.0
0,82.06698272329709,96.93699183221366,0.0,4,2.0
0,91.98359297006084,111.62528747251888,-8.5,4,2.0
0,101.91223836653069,126.31813254831629,-17.0,4,2.0
1,81.94813376925578,25.47220995387286,0.0,1,3.0
1,75.35212110975078,17.870638875207202,-8.5,1,3.0
1,68.73807165567159,10.262609334037682,-17.0,1,3.0
1,110.2566466672237,113.72488186016663,0.0,2,2.0
1,118.02830378348928,94.74047259850492,-8.5,2,2.0
1,125.79608116506992,75.74572508995074,-17.0,2,2.0
1,3.1690937560363888,2.4627793908603963,0.0,3,1.0
1,2.9462910804854707,4.449994612190581,-8.5,3,1.0
1,2.723589037897766,6.457436757731283,-17.0,3,1.0
1,63.38925168552441,118.24614448450366,0.0,4,4.0
1,61.4463596817435,133.6601733634103,-8.5,4,4.0
1,59.5107152114513,149.08694688325767,-17.0,4,4.0
2,145.45467098792878,54.55878413469811,0.0,1,-1.0
2,143.9261644775409,48.08471184780123,-8.5,1,-1.0
2,142.40463792806048,41.60440974657267,-17.0,1,1.0
2,99.01864893313132,5.87465959545507,0.0,2,2.0
2,99.17338188600104,5.321805883669896,-8.5,2,2.0
2,99.34880028726177,4.764733367611168,-17.0,2,2.0
2,108.9005866704173,35.40024644771238,0.0,3,1.0
2,126.5896064820432,20.940842006490737,-8.5,3,1.0
2,144.28039712180595,6.476806823191919,-17.0,3,1.0
2,59.75652430367168,64.14429121570464,0.0,4,3.0
2,77.79161799800357,54.323409763975015,-8.5,4,3.0
2,95.81967264772862,44.49400209560783,-17.0,4,3.0
3,64.57975152827056,60.57295986060012,0.0,1,2.0
3,64.13831985326748,70.85524124993931,-8.5,1,2.0
3,63.69113394912518,81.15888626137651,-17.0,1,2.0
3,15.820222815914564,119.691229698082,0.0,2,1.0
3,15.628811174092048,115.59654705059222,-8.5,2,1.0
3,15.442885981691134,111.51866402268703,-17.0,2,1.0
3,29.492935180714245,117.42737034049044,0.0,3,3.0
3,42.84554331245653,113.19927340093616,-8.5,3,3.0
3,56.19809946746968,108.96195170439331,-17.0,3,3.0
3,133.96175001212825,141.02816247751375,0.0,4,4.0
3,119.40205257888093,142.93186265043678,-8.5,4,4.0
3,104.8345037367816,144.8430458494411,-17.0,4,4.0
4,63.11571239066839,60.95941546670762,0.0,1,3.0
4,64.83105771679789,59.22276409937963,-8.5,1,3.0
4,66.56064592238164,57.494208721261565,-17.0,1,3.0
4,82.20598750796657,8.182788045739834,0.0,2,4.0
4,89.61445369957826,6.346586194230084,-8.5,2,4.0
4,97.01775220192364,4.50684091955651,-17.0,2,4.0
4,64.7743560452179,105.51364189124314,0.0,3,2.0
4,62.07074617618257,97.66834869076692,-8.5,3,2.0
4,59.366559210742025,89.8304559868274,-17.0,3,2.0
4,74.33749272056666,114.46593879094584,0.0,4,1.0
4,67.63510459578441,120.37728023386522,-8.5,4,1.0
4,60.93148453068053,126.28109322036046,-17.0,4,1.0
5,68.41032558051653,145.62882894197054,0.0,1,2.0
5,78.56138281777436,146.21457529303663,-8.5,1,2.0
5,88.68768685325433,146.78938584819485,-17.0,1,2.0
5,70.8500616833061,143.42103696022738,0.0,2,4.0
5,80.04131313869829,134.79279863744495,-8.5,2,4.0
5,89.23163824342663,126.1841533355134,-17.0,2,4.0
5,8.598243062480229,21.607593175222817,0.0,3,3.0
5,6.348062106158999,19.80981371480344,-8.5,3,3.0
5,4.121181437591734,17.998937870143557,-17.0,3,3.0
5,46.43849427511064,41.20639112113443,0.0,4,1.0
5,57.83270827049884,41.09768822475837,-8.5,4,1.0
5,69.23131311340371,40.977746345006416,-17.0,4,1.0
6,72.6945184033473,109.88623768052996,0.0,1,1.0
6,69.22770913610533,114.86815973100708,-8.5,1,1.0
6,65.77642071201635,119.85428290036162,-17.0,1,1.0
6,64.54097066967502,147.2205614271325,0.0,2,2.0
6,56.1337110162035,155.58202569149876,-8.5,2,2.0
6,47.73756756406072,163.9526371701295,-17.0,2,2.0
6,54.11902729575681,42.52965438353365,0.0,3,3.0
6,55.72103654284945,43.27130987911678,-8.5,3,3.0
6,57.31824236475159,44.02527096124604,-17.0,3,3.0
6,89.69005130018596,44.91441466332898,0.0,4,4.0
6,80.7966732763872,24.72621431369278,-8.5,4,4.0
6,71.90023986129347,4.549288888732565,-17.0,4,4.0
7,17.311839851758275,97.50431951751692,0.0,1,1.0
7,16.035639167079243,109.82247897213487,-8.5,1,-1.0
7,14.771144468284296,122.14694631485196,-17.0,1,-1.0
7,21.96993789045908,19.829545943234496,0.0,2,2.0
7,19.5958386599565,19.069124644601,-8.5,2,2.0
7,17.225073786088945,18.307515159892965,-17.0,2,2.0
7,52.424956621301966,142.42685899173873,0.0,3,3.0
7,46.75074456984068,158.04019291278672,-8.5,3,3.0
7,41.07139374230841,173.6396675345199,-17.0,3,3.0
7,32.809583299780726,95.12452640130012,0.0,4,1.0
7,27.41141656006961,92.759945352206,-8.5,4,1.0
7,22.03563745533292,90.4150781925587,-17.0,4,1.0
8,115.17236266443592,119.27404417707452,0.0,1,-1.0
8,100.48266361686072,118.76984130697775,-8.5,1,1.0
8,85.79266130794365,118.2653280521799,-17.0,1,-1.0
8,87.25533231004707,87.18131416218891,0.0,2,2.0
8,89.04020289061214,83.52421057906662,-8.5,2,2.0
8,90.82767468624569,79.88195098796646,-17.0,2,2.0
8,15.423983144935852,113.28963956575784,0.0,3,3.0
8,8.581428764884993,118.8153688820622,-8.5,3,3.0
8,1.73898088982556,124.3379473874945,-17.0,3,3.0
8,103.98662097790358,123.37552691775012,0.0,4,1.0
8,103.41216140866642,122.65386118313155,-8.5,4,1.0
8,102.83505571026464,121.9252841296294,-17.0,4,1.0
9,147.60104307608793,29.6071628285035,0.0,1,4.0
9,141.64555549840492,38.398156095467925,-8.5,1,4.0
9,135.68100187673087,47.20574957208739,-17.0,1,4.0
9,40.955348810226816,26.09599331102069,0.0,2,2.0
9,53.858778424530136,21.649687069639395,-8.5,2,2.0
9,66.7772133374552,17.23006470091606,-17.0,2,2.0
9,52.27302875131538,121.93141145235867,0.0,3,3.0
9,43.06092903712511,124.22451019880782,-8.5,3,3.0
9,33.856053447017665,126.4933007177463,-17.0,3,3.0
9,94.37517288856708,56.780694305153375,0.0,4,1.0
9,94.61119764694726,57.24294320084116,-8.5,4,1.0
9,94.81947934509532,57.72171214698156,-17.0,4,1.0
10,58.12821825298775,61.79589393956696,0.0,1,2.0
10,53.97079470060283,71.24822268358807,-8.5,1,2.0
10,49.81794269397499,80.71196436776587,-17.0,1,2.0
10,16.47259881741116,125.32116711874632,0.0,2,4.0
10,21.98357883810576,122.89487449282402,-8.5,2,4.0
10,27.50076019282229,120.469147378505,-17.0,2,4.0
10,120.68456887218794,90.04751193622049,0.0,3,1.0
10,127.75816635823593,91.81593582240806,-8.5,3,1.0
10,134.8531615962663,93.56843693640236,-17.0,3,1.0
10,71.15485693584307,0.2934057136276041,0.0,4,3.0
10,56.17984958914996,19.823057451886054,-8.5,4,3.0
10,41.215055316921934,39.346948613652586,-17.0,4,3.0
11,96.1130782423584,38.76126831915028,0.0,1,3.0
11,89.96935208797747,45.411203884781926,-8.5,1,3.0
11,83.82000139429542,52.05413416639015,-17.0,1,3.0
11,148.4680230313253,77.06089827334657,0.0,2,4.0
11,135.95935131696186,74.24699705535554,-8.5,2,4.0
11,123.44216187881293,71.4120774434736,-17.0,2,4.0
11,9.310180790825138,142.78759961889423,0.0,3,1.0
11,10.142983277677018,147.61307528857765,-8.5,3,1.0
11,10.98290752082195,152.44272561920562,-17.0,3,1.0
11,51.69841780707133,110.60640251032508,0.0,4,2.0
11,61.53950343700881,113.3492615607587,-8.5,4,2.0
11,71.38798367264353,116.09953762856333,-17.0,4,2.0
12,112.27668859445662,129.76169274640367,0.0,1,3.0
12,111.08323127814964,126.63455530289124,-8.5,1,3.0
12,109.88887080144606,123.488041227558,-17.0,1,3.0
12,121.49759713419434,45.22208271756147,0.0,2,2.0
12,123.39774614846084,45.22557133105936,-8.5,2,2.0
12,125.29620497350396,45.22554574964192,-17.0,2,2.0
12,86.32766299101364,24.049426646044807,0.0,3,1.0
12,64.81890344600295,51.30566582071431,-8.5,3,1.0
12,43.3013924991334,78.55187340079725,-17.0,3,1.0
12,75.99203041226322,85.67359214682934,0.0,4,-1.0
12,66.33543195216816,83.62031966516268,-8.5,4,1.0
12,56.68638684535394,81.58963068617743,-17.0,4,-1.0
13,104.45405810862437,59.506133537716174,0.0,1,2.0
13,118.65817857220812,42.01799527345737,-8.5,1,2.0
13,132.86086801535097,24.51811247905037,-17.0,1,2.0
13,58.81110390933748,55.21611682462746,0.0,2,4.0
13,61.51123093479411,57.61940671871321,-8.5,2,4.0
13,64.21657283217802,59.98999348983488,-17.0,2,4.0
13,141.80108531742016,84.53357992861885,0.0,3,3.0
13,128.24904640866274,88.00134342617059,-8.5,3,3.0
13,114.68507684200677,91.46772484181008,-17.0,3,3.0
13,14.743522968102605,77.01323332529323,0.0,4,1.0
13,11.427945417369624,82.69498293739447,-8.5,4,1.0
13,8.11347378376973,88.35710689827738,-17.0,4,1.0
14,28.28163505750107,127.26036026450416,0.0,1,1.0
14,52.42132429949771,141.94459329782453,-8.5,1,1.0
14,76.5732580957548,156.62662452538956,-17.0,1,1.0
14,88.26682056459214,96.53761253152044,0.0,2,3.0
14,104.28876799341027,93.8838257593939,-8.5,2,3.0
14,120.30699921139012,91.26728719749458,-17.0,2,3.0
14,25.09154082249359,16.04038369291678,0.0,3,2.0
14,19.00835076187313,35.83782654285728,-8.5,3,2.0
14,12.912697393678352,55.60969625073897,-17.0,3,2.0
14,70.99010542216259,149.6893037537614,0.0,4,-1.0
14,73.72728061467407,153.8842977924474,-8.5,4,-1.0
14,76.47635678667314,158.08869523311986,-17.0,4,1.0
15,4.87992987194697,80.00395670900812,0.0,1,3.0
15,4.045988053307839,88.02996486789394,-8.5,1,3.0
15,3.215505254284999,96.06960516585808,-17.0,1,3.0
15,25.122058386921225,90.61478863734128,0.0,2,4.0
15,24.32381535374565,91.43422212493938,-8.5,2,4.0
15,23.52493417874778,92.26505003506286,-17.0,2,4.0
15,70.12880274818916,112.01929860544836,0.0,3,1.0
15,60.70443612801296,114.3857288524791,-8.5,3,1.0
15,51.29610399471145,116.73891183117698,-17.0,3,1.0
15,134.04709088145415,17.14514980956831,0.0,4,2.0
15,132.25769179785132,35.5393645090694,-8.5,4,2.0
15,130.45817864086663,53.93901832107672,-17.0,4,2.0
16,31.753180149839377,64.77373589758405,0.0,1,2.0
16,47.86980566824716,92.98046119973242,-8.5,1,2.0
16,63.995021406932025,121.18054412480576,-17.0,1,2.0
16,122.29809734952336,113.50793492686338,0.0,2,3.0
16,130.97681412152218,112.52706441912017,-8.5,2,-1.0
16,139.6599683397837,111.51941037354314,-17.0,2,-1.0
16,38.04286990128907,47.878832668098575,0.0,3,1.0
16,39.43841222398187,38.50785319024799,-8.5,3,1.0
16,40.8409201583187,29.13412412528977,-17.0,3,1.0
16,125.06044892777786,76.54850307437059,0.0,4,3.0
16,104.38858402810928,59.30283922997029,-8.5,4,3.0
16,83.7203034272526,42.05519428971638,-17.0,4,3.0
17,76.99665870860514,127.62945307192888,0.0,1,1.0
17,98.7213547789077,107.06493029048944,-8.5,1,1.0
17,120.4410725364258,86.5127154859583,-17.0,1,1.0
17,11.804848242588504,10.285947334187425,0.0,2,2.0
17,13.777233822457031,9.957733560381548,-8.5,2,2.0
17,15.749877306384551,9.626855278546612,-17.0,2,2.0
17,21.35018034092358,86.61813346723642,0.0,3,3.0
17,31.24774039398866,85.8495213288681,-8.5,3,3.0
17,41.15183576433075,85.08066670339947,-17.0,3,3.0
17,75.6616977203307,120.41434729909554,0.0,4,1.0
17,74.12170840137213,116.47718195609848,-8.5,4,-1.0
17,72.60220341384561,112.53233508781943,-17.0,4,-1.0
18,113.58326586384052,38.688292440462455,0.0,1,-1.0
18,80.37926291792662,51.1317339700883,-8.5,1,1.0
18,47.17163796307821,63.57767354576378,-17.0,1,-1.0
18,144.0027938232234,105.34299939776542,0.0,2,2.0
18,141.5952573064865,97.72915865528664,-8.5,2,2.0
18,139.19386398774566,90.12804564203635,-17.0,2,2.0
18,80.37708527312114,116.87912616292228,0.0,3,3.0
18,67.74212679214735,115.35173208880198,-8.5,3,3.0
18,55.10465582813717,113.81573963343524,-17.0,3,3.0
18,60.11554545838487,50.01253937035158,0.0,4,1.0
18,56.51990405099215,51.050584177385126,-8.5,4,1.0
18,52.94442602992194,52.078557504069245,-17.0,4,1.0
19,39.02062053788036,108.55400360206804,0.0,1,1.0
19,43.59847026276843,114.60997250160068,-8.5,1,1.0
19,48.17350792833296,120.66843264442652,-17.0,1,1.0
19,75.73119789609945,47.5353346746446,0.0,2,2.0
19,66.43104079463066,48.82023196192197,-8.5,2,2.0
19,57.1229643817768,50.08431998217543,-17.0,2,2.0
19,114.61044134576456,29.856384351374256,0.0,3,3.0
19,107.49876734915284,17.46716965298996,-8.5,3,3.0
19,100.38620030339686,5.096074439428204,-17.0,3,3.0
19,61.42599878974304,81.29349198214547,0.0,4,4.0
19,56.738677544106736,78.06502542388053,-8.5,4,4.0
19,52.04956618796412,74.84031197378982,-17.0,4,4.0
20,78.25425998279276,16.311827595082583,0.0,1,4.0
20,78.56747399851015,15.530727921726918,-8.5,1,4.0
20,78.88264651207488,14.742503490669865,-17.0,1,4.0
20,38.93096061723451,42.4400460410915,0.0,2,3.0
20,35.01580933029015,41.395502448453605,-8.5,2,3.0
20,31.083045446066865,40.34770906935965,-17.0,2,3.0
20,99.91742417647302,13.054401476480718,0.0,3,2.0
20,84.46934549751431,9.573716541799428,-8.5,3,2.0
20,69.00190973383708,6.11004108006797,-17.0,3,2.0
20,34.0553050309836,90.00378592423345,0.0,4,1.0
20,33.60327634653145,74.16565755397248,-8.5,4,1.0
20,33.1503025987603,58.34374496543728,-17.0,4,1.0
21,90.29661562524495,120.88555823543828,0.0,1,4.0
21,98.83121146268148,142.30266566958872,-8.5,1,4.0
21,107.37256700891044,163.7374484866229,-17.0,1,4.0
21,29.807022764674198,92.51080905969832,0.0,2,3.0
21,27.396511381859547,78.63461439736999,-8.5,2,3.0
21,24.99094834896162,64.78104576051962,-17.0,2,3.0
21,117.98814459859264,20.55924287740364,0.0,3,2.0
21,131.96412272728358,17.574413059239422,-8.5,3,2.0
21,145.93743950959416,14.599734225140953,-17.0,3,2.0
21,126.51945123884532,24.353126599996763,0.0,4,1.0
21,129.2063492179763,17.1551488051571,-8.5,4,1.0
21,131.8799632046703,9.953502934380015,-17.0,4,1.0
22,108.25563489567642,27.687143389168885,0.0,1,1.0
22,114.16833111966584,26.952410280539883,-8.5,1,1.0
22,120.07661060108742,26.237980684546187,-17.0,1,1.0
22,99.81785317510368,98.580131463144,0.0,2,3.0
22,98.3624799111326,97.452249441242,-8.5,2,3.0
22,96.90973667056662,96.32746077369907,-17.0,2,3.0
22,75.00610104584364,27.20358604236795,0.0,3,1.0
22,106.00118375127396,27.554320207759,-8.5,3,1.0
22,136.99003449811013,27.913903454935102,-17.0,3,1.0
22,90.84669277054309,81.43198816481186,0.0,4,2.0
22,97.11859194885812,79.67234055675058,-8.5,4,2.0
22,103.3721747379119,77.91234769872041,-17.0,4,2.0
23,136.96958448835517,128.34157866590644,0.0,1,4.0
23,140.29756264952047,126.9425962381222,-8.5,1,4.0
23,143.61441038744465,125.52240450752218,-17.0,1,4.0
23,137.61285758408644,85.11801889742975,0.0,2,2.0
23,137.10954200167834,72.89320446686945,-8.5,2,2.0
23,136.59433841289498,60.64779711367702,-17.0,2,2.0
23,36.395289079179406,133.12245929700413,0.0,3,1.0
23,44.78481962199174,133.77861377231733,-8.5,3,1.0
23,53.16640515130866,134.4263143621099,-17.0,3,1.0
23,47.35508321757446,55.19457284774307,0.0,4,3.0
23,62.311397240111,49.160226477048845,-8.5,4,3.0
23,77.28856948203675,43.121353087763886,-17.0,4,3.0
24,96.08706647560584,52.63265373375164,0.0,1,3.0
24,85.40080463126276,50.25425272939558,-8.5,1,3.0
24,74.71482734110603,47.87278174405846,-17.0,1,3.0
24,51.3881929383356,61.96968952770392,0.0,2,4.0
24,65.87061733925918,45.425127850151874,-8.5,2,4.0
24,80.36061205072761,28.89573841183651,-17.0,2,4.0
24,143.65798916660435,118.38329194184256,0.0,3,2.0
24,146.5580865788899,122.58357637674004,-8.5,3,2.0
24,149.45980887198976,126.77440260022962,-17.0,3,2.0
24,80.59596336171138,71.59487268817306,0.0,4,1.0
24,85.34573629402617,74.73545122395223,-8.5,4,1.0
24,90.0874911164622,77.87874524564845,-17.0,4,1.0
25,40.10161071074052,82.67830223222394,0.0,1,3.0
25,49.99311474616023,77.48398462685712,-8.5,1,3.0
25,59.90773388533149,72.26608263119445,-17.0,1,3.0
25,33.50194102918,97.14843860016664,0.0,2,1.0
25,34.8191830222363,90.46657852996316,-8.5,2,1.0
25,36.14284747327534,83.79043369308047,-17.0,2,1.0
25,77.39387511827948,12.553045848139297,0.0,3,2.0
25,82.26606007233086,9.4360621793002,-8.5,3,2.0
25,87.1314560957284,6.3224282335569,-17.0,3,2.0
25,98.43834338740294,132.57021096708107,0.0,4,4.0
25,69.46407374333509,116.20745380686036,-8.5,4,4.0
25,40.4732829800039,99.8554554426151,-17.0,4,4.0
26,60.92051604788684,142.27070986858965,0.0,1,1.0
26,62.3788653165461,142.7462944246038,-8.5,1,1.0
26,63.857176579337775,143.23771565925745,-17.0,1,1.0
26,24.013458905759872,48.47142203141889,0.0,2,4.0
26,51.9591602489327,74.22925234870567,-8.5,2,4.0
26,79.91019327237844,99.97063404015104,-17.0,2,4.0
26,120.61350518212568,117.59364283220609,0.0,3,2.0
26,107.6447874100413,143.0649232224933,-8.5,3,2.0
26,94.67219734944898,168.52925714808666,-17.0,3,2.0
26,136.8499006156702,52.50186874450535,0.0,4,3.0
26,130.97873531966408,49.118773229927285,-8.5,4,3.0
26,125.13587668801392,45.70698185771856,-17.0,4,3.0
27,51.686778347251895,41.88002269211562,0.0,1,4.0
27,96.154220264968,48.17126775344425,-8.5,1,4.0
27,140.61678532474582,54.44613314644815,-17.0,1,4.0
27,75.95390072658024,91.743074098458,0.0,2,1.0
27,77.04323614926847,90.13148181846174,-8.5,2,1.0
27,78.11947533414545,88.53118978167586,-17.0,2,1.0
27,30.87608094278648,38.75024695634141,0.0,3,2.0
27,22.92261418511397,29.70903010473264,-8.5,3,2.0
27,14.955323118881108,20.6717706529032,-17.0,3,2.0
27,118.24515317196108,12.939463814587985,0.0,4,3.0
27,116.0357937574849,8.820963677675381,-8.5,4,3.0
27,113.81793334424924,4.717941029959179,-17.0,4,3.0
28,70.98759425371813,112.3539884997157,0.0,1,2.0
28,64.91058818790526,118.48764728071396,-8.5,1,2.0
28,58.823574750458825,124.64949658341264,-17.0,1,2.0
28,32.54163956961777,51.12747311605872,0.0,2,1.0
28,38.74371183831429,48.303129091458025,-8.5,2,1.0
28,44.9414776081664,45.4893891276374,-17.0,2,1.0
28,92.61947034502556,48.56306013356937,0.0,3,3.0
28,101.55147163799504,50.00178146605464,-8.5,3,3.0
28,110.47816728322186,51.429817428256975,-17.0,3,3.0
28,57.811712755193,124.59147135979936,0.0,4,-1.0
28,57.20634679624917,124.62393006459654,-8.5,4,-1.0
28,56.61072605067032,124.65005714392792,-17.0,4,2.0
29,115.51243898516483,95.38860641410912,0.0,1,3.0
29,111.87078852904642,87.19702694967604,-8.5,1,3.0
29,108.21106683548568,79.00761205788203,-17.0,1,3.0
29,60.559115933140575,51.50160296676968,0.0,2,2.0
29,50.40892020631463,49.09458129653795,-8.5,2,2.0
29,40.26124972340894,46.68653735847671,-17.0,2,2.0
29,21.11045015490705,88.51223334633318,0.0,3,4.0
29,16.816871204002794,76.72967441493485,-8.5,3,4.0
29,12.533786029735198,64.9506561578269,-17.0,3,4.0
29,112.77229815693256,118.6980650775679,0.0,4,1.0
29,118.2626482109798,112.24961346297164,-8.5,4,1.0
29,123.7561384075909,105.81077543148308,-17.0,4,1.0
30,88.41097757068506,56.78481514236443,0.0,1,4.0
30,101.37035855585698,112.20935403449994,-8.5,1,4.0
30,114.33107130663753,167.6400642201767,-17.0,1,4.0
30,14.057605517019,54.464102340077,0.0,2,3.0
30,11.626733153413555,70.84944701825334,-8.5,2,3.0
30,9.18358767689263,87.22287548884945,-17.0,2,3.0
30,141.88633335699797,95.88597890770376,0.0,3,2.0
30,133.58036415022536,90.2800598452398,-8.5,3,2.0
30,125.26333028062626,84.6733969409131,-17.0,3,2.0
30,100.91240501791592,126.10490410391246,0.0,4,1.0
30,103.50074099301986,118.9852510420127,-8.5,4,1.0
30,106.10566065114332,111.8788143887523,-17.0,4,1.0
31,108.92013052112512,89.74894222464773,0.0,1,3.0
31,121.86019399107164,82.59016151457206,-8.5,1,3.0
31,134.7851558649614,75.42288065242097,-17.0,1,3.0
31,45.14961158441064,131.62290060719965,0.0,2,2.0
31,69.15706886464103,133.17728852597122,-8.5,2,2.0
31,93.16641769201878,134.7191987511953,-17.0,2,2.0
31,4.830878633682312,12.448914890163309,0.0,3,4.0
31,32.05674847461183,8.669155786234375,-8.5,3,4.0
31,59.29147743834158,4.883587938593888,-17.0,3,4.0
31,47.33231547205463,110.57497986802385,0.0,4,1.0
31,46.09102628666159,111.65536627418228,-8.5,4,1.0
31,44.85720404235632,112.7243038033292,-17.0,4,1.0
32,13.08300844565136,64.24228502763167,0.0,1,2.0
32,24.523099690869827,88.81589176409206,-8.5,1,2.0
32,36.00441675806775,113.39478782269772,-17.0,1,2.0
32,126.63913125320816,17.058979856750163,0.0,2,1.0
32,126.50518721526346,14.138466079002448,-8.5,2,1.0
32,126.3471536232304,11.225227173817084,-17.0,2,1.0
32,115.17105166446945,84.2140872244152,0.0,3,4.0
32,78.53863501077699,42.38370520161383,-8.5,3,4.0
32,41.88728920336605,0.5560664355186953,-17.0,3,4.0
32,4.915887932249465,116.10743849780798,0.0,4,3.0
32,2.7681870479014217,116.07311441598686,-8.5,4,3.0
32,0.6124353476927358,116.04942742810286,-17.0,4,3.0
33,21.328267021056085,6.652403124100717,0.0,1,1.0
33,26.00499084449315,9.058481220411956,-8.5,1,1.0
33,30.699798189047726,11.455499617462236,-17.0,1,1.0
33,15.256663741561471,12.117585298538376,0.0,2,4.0
33,13.66987279032736,7.903731239922511,-8.5,2,4.0
33,12.06350656386518,3.70789865930178,-17.0,2,4.0
33,90.05495393885285,55.35984076483375,0.0,3,3.0
33,88.09231539056434,63.948394822900205,-8.5,3,3.0
33,86.15331652147982,72.54223454097054,-17.0,3,3.0
33,83.33873095360109,77.33374620988839,0.0,4,2.0
33,76.18891526049879,83.81500077449179,-8.5,4,2.0
33,69.04495184920027,90.31166125269968,-17.0,4,2.0
34,102.70127226231688,75.36060177697475,0.0,1,1.0
34,102.94940757089424,77.3572319610029,-8.5,1,1.0
34,103.20439159985852,79.37124651010622,-17.0,1,1.0
34,52.71484462099307,50.43412055172355,0.0,2,2.0
34,62.814288892378094,53.64003184280323,-8.5,2,2.0
34,72.91716509131693,56.84511644650231,-17.0,2,2.0
34,54.50024904984085,81.29819955028496,0.0,3,3.0
34,51.9305379462908,86.59624872536939,-8.5,3,3.0
34,49.381399175659226,91.92082795228023,-17.0,3,3.0
34,80.18182106052292,79.7174601012567,0.0,4,3.0
34,73.64442746052273,71.55032322635354,-8.5,4,-1.0
34,67.091203296443,63.375535320132215,-17.0,4,-1.0
35,65.38418405238112,55.96631789470364,0.0,1,1.0
35,49.96837200684483,86.22518383904888,-8.5,1,1.0
35,34.54120370958261,116.48142156918614,-17.0,1,1.0
35,19.035368086890767,111.53125028340745,0.0,2,2.0
35,12.65913235255497,113.44442230547936,-8.5,2,2.0
35,6.271979277645557,115.35113356952222,-17.0,2,2.0
35,64.30069641302657,90.15849100835987,0.0,3,1.0
35,62.97882082491443,83.0030868032093,-8.5,3,-1.0
35,61.663575170536646,75.83756024659878,-17.0,3,-1.0
35,71.51057303687396,49.7661904822938,0.0,4,3.0
35,68.54851539061315,52.92322996246277,-8.5,4,3.0
35,65.58952323122101,56.07174793468691,-17.0,4,3.0
36,30.32571146397332,143.2212619051292,0.0,1,4.0
36,30.2747036500295,142.27137228833,-8.5,1,4.0
36,30.208114067416663,141.33077674968456,-17.0,1,4.0
36,23.489787757364454,80.26097131146618,0.0,2,1.0
36,13.11421924629759,86.31729410758163,-8.5,2,1.0
36,2.7564448605865994,92.3693713317513,-17.0,2,1.0
36,21.985840404456678,83.1778015414699,0.0,3,2.0
36,11.619746151972189,79.29218053337344,-8.5,3,2.0
36,1.2531742927006493,75.40492396425867,-17.0,3,2.0
36,147.36173927503788,21.94209112746769,0.0,4,3.0
36,141.6792165971018,19.093511193565327,-8.5,4,3.0
36,135.98356796568817,16.245430022037706,-17.0,4,3.0
37,61.669284861101566,118.23183999138904,0.0,1,1.0
37,90.76239401119832,122.16204439411692,-8.5,1,1.0
37,119.83603345194308,126.08174439829531,-17.0,1,1.0
37,108.57991754543347,118.7623276583231,0.0,2,-1.0
37,113.56394015164324,123.09753691170872,-8.5,2,-1.0
37,118.55920235575071,127.42885088704016,-17.0,2,1.0
37,56.34957963035912,125.38959011286023,0.0,3,1.0
37,56.073381449861934,124.90271007385054,-8.5,3,3.0
37,55.78607723327626,124.43360973468316,-17.0,3,3.0
37,28.184635101557628,142.10127735420403,0.0,4,2.0
37,18.63448981131628,151.09511826640383,-8.5,4,2.0
37,9.084493884186,160.0966082758784,-17.0,4,2.0
38,116.92346081058952,40.78441111669371,0.0,1,1.0
38,112.58224191668124,43.03054946323325,-8.5,1,1.0
38,108.24660671717652,45.2674034041441,-17.0,1,1.0
38,114.87164161739967,81.646157314902,0.0,2,3.0
38,103.83903027804725,71.60565519985771,-8.5,2,3.0
38,92.80443349260848,61.57084532255395,-17.0,2,3.0
38,88.39983327510252,26.261284972422697,0.0,3,2.0
38,85.64512472285811,39.23290309484469,-8.5,3,2.0
38,82.90109531929404,52.2374661235637,-17.0,3,2.0
38,122.97326198347491,71.04720080265659,0.0,4,4.0
38,122.85168063912371,95.52850468360018,-8.5,4,4.0
38,122.7304604891296,120.00968428962172,-17.0,4,4.0
39,42.46092805429645,11.09593351730741,0.0,1,3.0
39,38.78057734360018,10.210156960073808,-8.5,1,3.0
39,35.10576828863684,9.320187648456365,-17.0,1,3.0
39,80.02746599914737,82.75126574419687,0.0,2,2.0
39,68.06645368444028,84.24382208349076,-8.5,2,2.0
39,56.081761182035535,85.74148202764673,-17.0,2,2.0
39,52.664044078934005,26.864229201820844,0.0,3,4.0
39,50.13607317460352,24.353331158824798,-8.5,3,4.0
39,47.61043409616577,21.82650953124883,-17.0,3,4.0
39,114.17794460596026,146.95131717194332,0.0,4,1.0
39,114.41923928021107,154.49781186015286,-8.5,4,1.0
39,114.64583599400105,162.05836848297574,-17.0,4,1.0
40,125.25068853539123,38.7692629253081,0.0,1,2.0
40,76.2453597658742,46.38974032323843,-8.5,1,2.0
40,27.25216977616802,54.00804192821135,-17.0,1,2.0
40,48.733211543881794,96.97009452884872,0.0,2,1.0
40,48.941766723954295,97.46587913216854,-8.5,2,1.0
40,49.14936679301447,97.9749487790762,-17.0,2,1.0
40,100.78618776577756,122.22556858447494,0.0,3,4.0
40,102.034832833502,128.52529463813627,-8.5,3,4.0
40,103.29478289014084,134.83622086879103,-17.0,3,4.0
40,69.80987177803657,63.93419217376791,0.0,4,3.0
40,77.89372628715722,61.56963227736032,-8.5,4,3.0
40,85.96000371807004,59.231626280201766,-17.0,4,3.0
41,99.95821083225556,64.54719255657514,0.0,1,-1.0
41,97.0521669809808,61.80981502374167,-8.5,1,-1.0
41,94.15268498707476,59.07791431949712,-17.0,1,1.0
41,72.15603603877665,57.7495207550452,0.0,2,1.0
41,75.81540604388587,58.29952964370068,-8.5,2,1.0
41,79.46544493643385,58.83910649238744,-17.0,2,1.0
41,77.9689475642562,110.0858086523876,0.0,3,2.0
41,90.13520879679058,94.682941414035,-8.5,3,2.0
41,102.31155725025911,79.29339307651045,-17.0,3,2.0
41,87.67089213800261,142.47407453886194,0.0,4,3.0
41,95.75003776574889,129.6387520647841,-8.5,4,3.0
41,103.82845948674412,116.796476692936,-17.0,4,3.0
42,87.53768093430664,86.83609335282544,0.0,1,4.0
42,77.74198894612151,75.26450957678033,-8.5,1,4.0
42,67.92653402482597,63.69314206971544,-17.0,1,4.0
42,10.174705154122847,143.55291456903893,0.0,2,1.0
42,20.549955735605927,146.68953383664254,-8.5,2,1.0
42,30.913462222698183,149.83143871047187,-17.0,2,1.0
42,19.81234912940982,78.27551549889051,0.0,3,2.0
42,38.00831859886212,82.30816892037453,-8.5,3,2.0
42,56.20789278299539,86.33627745156264,-17.0,3,2.0
42,142.41182632588135,1.9430466916306968,0.0,4,3.0
42,97.9796822192226,10.636409140650397,-8.5,4,3.0
42,53.554475345570914,19.305377558971166,-17.0,4,3.0
43,120.994330084347,7.073845904496642,0.0,1,4.0
43,111.39922180382656,15.13001769915289,-8.5,1,4.0
43,101.80032618427522,23.164704020508854,-17.0,1,4.0
43,57.63981879013607,84.20762078664688,0.0,2,2.0
43,50.34565926592781,86.62166961943544,-8.5,2,2.0
43,43.054532635232384,89.03597255438471,-17.0,2,2.0
43,139.4134584234387,61.53997203837803,0.0,3,1.0
43,139.6519148439628,58.53940021386303,-8.5,3,1.0
43,139.88441618864283,55.53624254701805,-17.0,3,1.0
43,72.83804983635422,25.347749389987417,0.0,4,3.0
43,69.82899659359406,38.29443595152774,-8.5,4,3.0
43,66.83019979409906,51.230712500212526,-17.0,4,3.0
44,23.902974842048067,64.68566525513954,0.0,1,4.0
44,28.287899516436752,70.12476344394642,-8.5,1,4.0
44,32.67459694600117,75.56596704250128,-17.0,1,4.0
44,58.50389521524004,83.1449883248632,0.0,2,2.0
44,60.980682325783526,81.91400989660588,-8.5,2,2.0
44,63.46373669855337,80.68284107118319,-17.0,2,2.0
44,107.69985558063831,97.0986499368226,0.0,3,1.0
44,109.9092928780582,94.54864237791878,-8.5,3,1.0
44,112.12868248643466,91.99576616019117,-17.0,3,1.0
44,26.37576530281373,82.33377822749287,0.0,4,3.0
44,13.24300058244241,89.15458644040912,-8.5,4,3.0
44,0.1009917297105579,95.96758393893292,-17.0,4,3.0
45,86.43382928633665,19.763125965662404,0.0,1,3.0
45,91.7482992812156,22.212089106209916,-8.5,1,3.0
45,97.03998706953617,24.663603148531607,-17.0,1,3.0
45,97.4878112827849,86.23800066632538,0.0,2,1.0
45,99.06817542398828,92.40949529758808,-8.5,2,1.0
45,100.64929405246735,98.59075462857156,-17.0,2,1.0
45,83.61580701675797,59.46992410878041,0.0,3,2.0
45,85.34115156664036,52.46373315676835,-8.5,3,2.0
45,87.05864378513047,45.44050778263138,-17.0,3,2.0
45,109.1461929943916,118.28636637724772,0.0,4,4.0
45,79.77460516738961,121.11855952149328,-8.5,4,4.0
45,50.4124477479675,123.94098025114468,-17.0,4,4.0
46,109.00672618804032,96.23926767780026,0.0,1,4.0
46,115.5820394099072,110.39536551593322,-8.5,1,4.0
46,122.15062428685548,124.56043727093932,-17.0,1,4.0
46,69.20607244232852,108.96388929409773,0.0,2,3.0
46,85.23773641524409,108.65784161178809,-8.5,2,3.0
46,101.2574530605294,108.31862756222073,-17.0,2,3.0
46,11.031696527304618,6.225597970612324,0.0,3,1.0
46,7.641709194296691,23.7181192329479,-8.5,3,1.0
46,4.24994376207728,41.20335900666136,-17.0,3,1.0
46,58.13004673735626,73.15903731380801,0.0,4,2.0
46,53.06785546789515,76.66312818079479,-8.5,4,2.0
46,48.027398765016734,80.17302107524583,-17.0,4,2.0
47,105.45434730936712,13.134266559010522,0.0,1,2.0
47,93.03817315825664,21.292056205813115,-8.5,1,2.0
47,80.60955747550791,29.455909282544823,-17.0,1,2.0
47,73.50154504298241,91.6451848840944,0.0,2,3.0
47,67.90582206223854,88.81299175330648,-8.5,2,3.0
47,62.30345079468162,85.96631930085678,-17.0,2,3.0
47,101.204949575687,47.65476734716328,0.0,3,1.0
47,101.46242923287949,47.31444694481359,-8.5,3,1.0
47,101.73058631313856,46.98531560055294,-17.0,3,1.0
47,13.796106837566334,133.10011427885058,0.0,4,4.0
47,13.12331091698282,133.2677018168732,-8.5,4,4.0
47,12.448467441292836,133.4553209830418,-17.0,4,4.0
48,149.46115678968877,60.71286044454098,0.0,1,4.0
48,129.11429540669317,109.76476771497252,-8.5,1,4.0
48,108.77752733950211,158.79428016794515,-17.0,1,4.0
48,47.52302691110594,141.57640930554075,0.0,2,1.0
48,49.26827430052166,152.0757091333932,-8.5,2,1.0
48,51.02218695809993,162.57869543000731,-17.0,2,1.0
48,41.447909817676965,97.85818462347004,0.0,3,3.0
48,38.56329846131551,93.8068741688004,-8.5,3,3.0
48,35.69240371689243,89.75398950216791,-17.0,3,3.0
48,58.22666842719662,147.98670415903652,0.0,4,2.0
48,64.05871621429371,149.81464050408874,-8.5,4,2.0
48,69.90298795663092,151.61967392062854,-17.0,4,2.0
49,118.4393296919239,45.93463572977316,0.0,1,3.0
49,113.78501180756864,46.714481412331295,-8.5,1,3.0
49,109.12453578732617,47.503727888457846,-17.0,1,3.0
49,78.89728941415262,47.21279255126816,0.0,2,2.0
49,84.20042610277473,52.58605340264764,-8.5,2,2.0
49,89.50708089797205,57.969705988920985,-17.0,2,2.0
49,45.34482646129295,49.294819993160246,0.0,3,4.0
49,42.67862861504833,54.03857835084672,-8.5,3,4.0
49,40.00141437740367,58.773591982257685,-17.0,3,4.0
49,73.86983917111561,127.72531568603443,0.0,4,1.0
49,76.16431737795251,127.4298464802171,-8.5,4,1.0
49,78.45986988471316,127.1420239987456,-17.0,4,1.0
50,120.67117005280102,41.854966010045295,0.0,1,3.0
50,89.11915345363072,42.81935422888269,-8.5,1,3.0
50,57.54675532537034,43.78147212652611,-17.0,1,3.0
50,52.178686085265,3.995056177915448,0.0,2,2.0
50,65.62719770577814,8.126747181248392,-8.5,2,2.0
50,79.07048080803384,12.260611723396655,-17.0,2,2.0
50,11.227450694257646,123.1640927703994,0.0,3,1.0
50,21.896883912481467,97.36273498193276,-8.5,3,1.0
50,32.57228406534976,71.57595979340175,-17.0,3,1.0
50,104.18533797996488,3.877650884642528,0.0,4,4.0
50,126.61238962882436,19.564536001820493,-8.5,4,4.0
50,149.0520506842213,35.24279611656335,-17.0,4,4.0
51,61.86218011175599,89.71119125531122,0.0,1,3.0
51,73.08156359231482,90.27893997455352,-8.5,1,3.0
51,84.30832450770218,90.85849593045212,-17.0,1,3.0
51,68.48915294479698,88.89514715571099,0.0,2,1.0
51,68.75979353401164,81.09757826717966,-8.5,2,1.0
51,69.0459991923827,73.29287364794058,-17.0,2,1.0
51,15.734686277323938,87.40411002315987,0.0,3,2.0
51,21.022434281074343,97.7847499968382,-8.5,3,2.0
51,26.30378518277052,108.17432412895111,-17.0,3,2.0
51,71.05187629070548,90.90863045208316,0.0,4,4.0
51,65.50685359934329,90.75601418575336,-8.5,4,4.0
51,59.95060939419581,90.62221040901314,-17.0,4,4.0
52,58.53239338372239,12.633753143738668,0.0,1,2.0
52,64.70971676668165,13.86153903304812,-8.5,1,2.0
52,70.8953878783615,15.098917833609548,-17.0,1,2.0
52,33.29576139944461,28.870319487961037,0.0,2,3.0
52,43.60492327422559,15.359414527099496,-8.5,2,3.0
52,53.897637181284544,1.826867743557037,-17.0,2,3.0
52,136.12252341012658,35.963990705967745,0.0,3,1.0
52,136.3416792501387,35.64628386697722,-8.5,3,1.0
52,136.57125799472553,35.333171289111434,-17.0,3,1.0
52,3.776040914407396,113.62018787935018,0.0,4,4.0
52,2.98578482759569,118.0029663940158,-8.5,4,4.0
52,2.191518226548495,122.3771896213234,-17.0,4,4.0
53,97.9801974288738,82.49457745214244,0.0,1,2.0
53,69.44854332100012,61.811043656534494,-8.5,1,2.0
53,40.89846970075215,41.10262687757068,-17.0,1,2.0
53,108.39950121563491,24.58581089254959,0.0,2,1.0
53,80.09893712330346,37.59645327389805,-8.5,2,1.0
53,51.80657274609394,50.58788699521376,-17.0,2,1.0
53,17.923397869627294,90.2393021754162,0.0,3,3.0
53,21.10668447765327,83.0875808343701,-8.5,3,3.0
53,24.2961525957246,75.9126858074183,-17.0,3,3.0
53,80.33391253696605,134.19342367086665,0.0,4,4.0
53,60.65493668272451,140.98322725887814,-8.5,4,4.0
53,40.97740854052826,147.7778075770674,-17.0,4,4.0
54,144.95191880022583,53.23698749718163,0.0,1,1.0
54,129.66282778202662,61.88275538788056,-8.5,1,1.0
54,114.37170869454198,70.54151824748436,-17.0,1,1.0
54,43.52529753771292,70.14087551624841,0.0,2,3.0
54,39.05733503991026,72.49751031786033,-8.5,2,3.0
54,34.61185419358892,74.85807389483641,-17.0,2,3.0
54,149.21852861702783,49.22751872113542,0.0,3,2.0
54,140.88520116848227,28.226596842013308,-8.5,3,2.0
54,132.5553743458024,7.20624507458313,-17.0,3,2.0
54,109.99446957140336,46.61470670147518,0.0,4,2.0
54,120.46020048174664,62.70080675119946,-8.5,4,1.0
54,130.92475104351243,78.77163817473989,-17.0,4,-1.0
55,137.50017642003183,143.3498958528571,0.0,1,3.0
55,129.2668624945217,129.19806760751123,-8.5,1,3.0
55,121.02168415609786,115.03714146325296,-17.0,1,3.0
55,20.868873186942796,42.248427356374336,0.0,2,-1.0
55,11.519697445969348,21.695578472758758,-8.5,2,1.0
55,2.1790236875694378,1.1397458897810209,-17.0,2,-1.0
55,20.92231308232029,12.820467592278936,0.0,3,1.0
55,23.848208471591025,21.164198518873715,-8.5,3,1.0
55,26.75934648171476,29.507608410559477,-17.0,3,1.0
55,14.115244650507648,54.91565977041558,0.0,4,2.0
55,18.702160276155123,58.8860899089978,-8.5,4,2.0
55,23.269758411195387,62.862465458623305,-17.0,4,2.0
56,33.79796832419651,77.5933790426255,0.0,1,3.0
56,31.11912325669203,70.747812700529,-8.5,1,2.0
56,28.435398552647264,63.907147887290186,-17.0,1,3.0
56,24.913973900423944,53.87055125587022,0.0,2,2.0
56,29.304640204703453,38.256872128553184,-8.5,2,2.0
56,33.70078710050595,22.6597208209214,-17.0,2,2.0
56,114.17631560040724,54.84697921803571,0.0,3,-1.0
56,112.75649278508024,52.22010968788834,-8.5,3,1.0
56,111.33545622066742,49.58106017270698,-17.0,3,-1.0
56,110.45067730759884,45.30481638826648,0.0,4,1.0
56,111.94797223819992,60.898994347706086,-8.5,4,1.0
56,113.4586159429439,76.50080980076663,-17.0,4,1.0
57,40.57405935225826,133.46189120293593,0.0,1,1.0
57,47.15541716158108,107.67430772115556,-8.5,1,1.0
57,53.73131885174751,81.90129769299723,-17.0,1,1.0
57,50.41287085033132,121.90288049261952,0.0,2,3.0
57,64.97043036866792,119.23764480348264,-8.5,2,3.0
57,79.52865503115669,116.58392385879615,-17.0,2,3.0
57,12.060431919173894,125.6833721211598,0.0,3,2.0
57,21.543237801382517,121.57723021938872,-8.5,3,2.0
57,31.038984979642823,117.4749512843963,-17.0,3,2.0
57,102.72712332298056,45.42087856713388,0.0,4,4.0
57,104.8644522900359,52.08122284750555,-8.5,4,4.0
57,107.00936014325649,58.74060324725392,-17.0,4,4.0
58,42.82315760899062,118.38778452566068,0.0,1,2.0
58,52.58665946971379,117.69431345363354,-8.5,1,2.0
58,62.35722731656027,117.00775874523386,-17.0,1,2.0
58,71.00391041259329,13.89333675507095,0.0,2,1.0
58,78.1055277306788,38.565313547636215,-8.5,2,1.0
58,85.2094318982437,63.218338328800336,-17.0,2,1.0
58,4.848580780312991,140.81783739096744,0.0,3,4.0
58,4.190274365234732,123.57882086321464,-8.5,3,4.0
58,3.544154829669917,106.31826390345168,-17.0,3,4.0
58,48.69946081306053,54.53477797827595,0.0,4,3.0
58,47.66640127282644,57.05998823217372,-8.5,4,3.0
58,46.61226915822997,59.59064607194067,-17.0,4,3.0
59,132.17060895415548,78.72451189880921,0.0,1,3.0
59,134.78223614510242,76.55874661220133,-8.5,1,3.0
59,137.39251346681547,74.38402314347177,-17.0,1,3.0
59,52.660942029653306,58.22462852096545,0.0,2,1.0
59,42.1699614439001,60.1720480226099,-8.5,2,1.0
59,31.692152012447224,62.09622019357306,-17.0,2,1.0
59,41.11990260881085,42.61519373823493,0.0,3,2.0
59,46.997282002102864,50.66671303962,-8.5,3,2.0
59,52.8894269288656,58.74446552052908,-17.0,3,2.0
59,67.81215834953812,145.82845227442905,0.0,4,4.0
59,44.5305741451056,115.8341229070475,-8.5,4,4.0
59,21.235278877682,85.84041925866364,-17.0,4,4.0
60,51.55447385285164,90.47974321859589,0.0,1,3.0
60,46.043363359809256,91.31501100229973,-8.5,1,3.0
60,40.514385423477634,92.14731519837312,-17.0,1,3.0
60,68.79398842749988,16.763817656556206,0.0,2,2.0
60,76.80475100157295,9.739540406431786,-8.5,2,2.0
60,84.81785342582444,2.7059475119841823,-17.0,2,2.0
60,135.09406966943206,142.3393195368818,0.0,3,4.0
60,133.62596901931855,145.15750770907945,-8.5,3,4.0
60,132.15891877773336,147.9778580147816,-17.0,3,4.0
60,16.261523346667513,58.26238921518429,0.0,4,1.0
60,20.227348845331235,78.00227293598672,-8.5,4,1.0
60,24.197414651962585,97.7530658418418,-17.0,4,1.0
61,68.4735678840597,60.48666677338822,0.0,1,3.0
61,94.68289806690228,89.7178657978086,-8.5,1,3.0
61,120.9107412177638,118.97670936181072,-17.0,1,3.0
61,126.56486638235371,47.82553037882095,0.0,2,-1.0
61,125.02790714384808,44.96085439996034,-8.5,2,-1.0
61,123.502969920492,42.07956854519946,-17.0,2,1.0
61,44.75618053005401,3.702501087901066,0.0,3,2.0
61,42.7434936374876,10.504728993630144,-8.5,3,2.0
61,40.72813646148254,17.307849487089218,-17.0,3,2.0
61,130.45826941102752,40.28264533754805,0.0,4,1.0
61,125.51289045978857,40.25510280347426,-8.5,4,1.0
61,120.57463421886077,40.23473504866927,-17.0,4,1.0
62,40.96041890335284,89.25877686041473,0.0,1,2.0
62,39.945910456208615,81.99972005543354,-8.5,1,2.0
62,38.9334127418796,74.72607578046939,-17.0,1,2.0
62,58.014942338811984,38.26686603530908,0.0,2,1.0
62,55.46759961988849,40.25612265016537,-8.5,2,1.0
62,52.92236784410213,42.24121382501924,-17.0,2,1.0
62,119.11927916580818,53.29201249133861,0.0,3,4.0
62,133.56176593854292,27.34206215771893,-8.5,3,4.0
62,148.00051351220466,1.3952101317446537,-17.0,3,4.0
62,98.9017745065506,52.64376241623917,0.0,4,3.0
62,109.768252912651,51.88990753371812,-8.5,4,3.0
62,120.66325467899382,51.1334626846695,-17.0,4,3.0
63,18.036369191075494,110.63307804912012,0.0,1,2.0
63,33.00319218900458,118.51790804296144,-8.5,1,2.0
63,47.97192658782853,126.39768893057628,-17.0,1,2.0
63,66.21445281956166,81.725326641722,0.0,2,4.0
63,98.86987273369338,84.88001041934902,-8.5,2,4.0
63,131.48502155581082,88.03808840762947,-17.0,2,4.0
63,82.80177077691707,146.02120939007463,0.0,3,3.0
63,75.32355440796115,155.55718781919305,-8.5,3,3.0
63,67.84267674570528,165.09080201312597,-17.0,3,3.0
63,60.185248011205154,23.275121198683507,0.0,4,1.0
63,68.452004854928,15.08561380221586,-8.5,4,1.0
63,76.69967812718369,6.89908057834404,-17.0,4,1.0
64,75.1841545784648,1.0742237524340172,0.0,1,3.0
64,41.96324626044744,29.9146513163494,-8.5,1,3.0
64,8.736339396192047,58.75865223280827,-17.0,1,3.0
64,105.11827607106632,97.4709347418216,0.0,2,4.0
64,91.85235297747764,108.81340087072606,-8.5,2,4.0
64,78.57372013401674,120.14334241875235,-17.0,2,4.0
64,19.40914796933258,106.56172159757205,0.0,3,2.0
64,35.29994023288024,109.15774073583336,-8.5,3,2.0
64,51.19745242485353,111.77760644965817,-17.0,3,2.0
64,46.40303496639899,70.98513127411077,0.0,4,1.0
64,46.44555976083372,90.79875164136772,-8.5,4,1.0
64,46.47904923608153,110.59347072318666,-17.0,4,1.0
65,31.759400313975654,40.022542478394925,0.0,1,1.0
65,17.614781705180913,46.95661351718941,-8.5,1,1.0
65,3.4777683930751606,53.8728745712839,-17.0,1,1.0
65,67.43818284645823,54.44547727353277,0.0,2,4.0
65,64.41001457385994,46.13519558721206,-8.5,2,4.0
65,61.38103790100404,37.81026633468377,-17.0,2,4.0
65,107.09977590893946,115.30217434504924,0.0,3,2.0
65,101.3005488122778,113.05079152988034,-8.5,3,2.0
65,95.49184872108528,110.79154123545209,-17.0,3,2.0
65,6.980390718960599,143.09142028880274,0.0,4,3.0
65,18.73326489903024,156.720541062689,-8.5,4,3.0
65,30.508168724967277,170.34413898521606,-17.0,4,3.0
66,94.58634103516688,42.6208377930773,0.0,1,3.0
66,91.18070557947463,27.05824015767351,-8.5,1,3.0
66,87.77099572157987,11.48796647306263,-17.0,1,3.0
66,23.621409711581816,58.28335640123706,0.0,2,4.0
66,25.07978663273675,70.96151800950068,-8.5,2,4.0
66,26.55890151183084,83.6529702353935,-17.0,2,4.0
66,122.62115451677434,24.16510243344024,0.0,3,1.0
66,122.6072331078617,22.009430490136506,-8.5,3,1.0
66,122.59713262035469,19.83642442271535,-17.0,3,1.0
66,77.9014844391699,74.89034727436086,0.0,4,2.0
66,91.70451133273149,74.08394366820225,-8.5,4,2.0
66,105.50836328536896,73.28405747690466,-17.0,4,2.0
67,28.58864136651092,37.415175311040464,0.0,1,3.0
67,24.37145576392701,38.32884096151116,-8.5,1,3.0
67,20.16117514594344,39.22955651931648,-17.0,1,3.0
67,118.01834358472702,26.070777418365758,0.0,2,4.0
67,117.26061339865662,26.372298025642504,-8.5,2,4.0
67,116.50520311147436,26.685417071416165,-17.0,2,4.0
67,82.49659683286258,40.40313791257152,0.0,3,1.0
67,88.84596943738794,37.74228190544099,-8.5,3,1.0
67,95.20686565202304,35.076502805937665,-17.0,3,1.0
67,106.3320823813326,85.05223169795532,0.0,4,2.0
67,73.4956433722571,109.88173399464436,-8.5,4,2.0
67,40.65650842073459,134.7159555914078,-17.0,4,2.0
68,91.6546237636053,90.97600534579936,0.0,1,2.0
68,102.91586721500124,87.75386187065656,-8.5,1,2.0
68,114.1741255687577,84.53482664310698,-17.0,1,2.0
68,11.96716920288306,71.33663392737343,0.0,2,1.0
68,20.46180043023615,93.72583580070912,-8.5,2,1.0
68,28.953531477042613,116.10020366051712,-17.0,2,1.0
68,54.06503010874125,70.44536273289064,0.0,3,3.0
68,44.74575702223044,54.05441845120104,-8.5,3,3.0
68,35.40886414928862,37.6684868665517,-17.0,3,3.0
68,18.811819665441885,87.11587764400612,0.0,4,1.0
68,65.32151425830789,75.40372741605596,-8.5,4,-1.0
68,111.81586509375514,63.68693586843547,-17.0,4,-1.0
69,41.791147337401085,17.744352117442784,0.0,1,2.0
69,47.51982794381322,18.53767659040957,-8.5,1,2.0
69,53.22622659935608,19.338039109934243,-17.0,1,2.0
69,115.0444650398044,35.80312673855307,0.0,2,4.0
69,125.52076762389936,38.29594043651515,-8.5,2,4.0
69,135.99818754696537,40.79718557059227,-17.0,2,4.0
69,11.394096409158076,92.1907933116636,0.0,3,1.0
69,16.092088571535832,110.22868744410908,-8.5,3,1.0
69,20.81350308934385,128.26508456020773,-17.0,3,1.0
69,19.49562035034074,3.857912801057803,0.0,4,3.0
69,27.701209812997675,10.103607152678716,-8.5,4,3.0
69,35.90158001547079,16.327515030648183,-17.0,4,3.0
70,135.77683642265902,64.14585543054196,0.0,1,2.0
70,126.86374604172023,78.60976565027049,-8.5,1,2.0
70,117.96541218752384,93.05886562234204,-17.0,1,2.0
70,83.86671788158539,84.07249201491804,0.0,2,1.0
70,74.27803463749478,72.1038299036631,-8.5,2,1.0
70,64.67601302757146,60.11529830556411,-17.0,2,1.0
70,36.32967113428212,17.094076533663053,0.0,3,4.0
70,34.830561610769564,14.288792528035364,-8.5,3,4.0
70,33.31180796193112,11.49556235117856,-17.0,3,4.0
70,31.420972583416543,93.10392276183264,0.0,4,3.0
70,28.22694851481592,108.11475057134676,-8.5,4,3.0
70,25.037070683577884,123.13549277902464,-17.0,4,3.0
71,127.95906079314592,127.30591387409032,0.0,1,4.0
71,117.14564358911096,145.52427082683155,-8.5,1,4.0
71,106.3386665460608,163.73715586966014,-17.0,1,4.0
71,93.58639766172948,50.96205548823496,0.0,2,1.0
71,84.04073217550649,51.569611337581726,-8.5,2,1.0
71,74.51169091393429,52.19170001858582,-17.0,2,1.0
71,135.14869854057582,115.85492085944726,0.0,3,2.0
71,129.50627580258327,118.49971839575906,-8.5,3,2.0
71,123.86920750509228,121.14121500563311,-17.0,3,2.0
71,129.46739603277098,142.90173202209732,0.0,4,3.0
71,134.42243953136128,149.45603772900012,-8.5,4,3.0
71,139.3776760718071,156.0008352901498,-17.0,4,3.0
72,50.79046513215725,11.52507197121746,0.0,1,3.0
72,57.444207220462985,15.624359661959591,-8.5,1,3.0
72,64.08648182157307,19.72934488088248,-17.0,1,3.0
72,128.98802729969466,40.60780485214258,0.0,2,2.0
72,135.33143634548642,44.10384066152674,-8.5,2,2.0
72,141.66044641022995,47.587568821406975,-17.0,2,2.0
72,140.0595120458806,79.4541199382477,0.0,3,1.0
72,143.94260535853195,75.45108322891059,-8.5,3,1.0
72,147.83305768460517,71.45581833575251,-17.0,3,1.0
72,65.56872612497958,147.48984614382545,0.0,4,4.0
72,72.68315730301903,147.25254282809124,-8.5,4,4.0
72,79.79758928121213,147.02579770395909,-17.0,4,4.0
73,39.82314480897747,79.14563068991863,0.0,1,-1.0
73,35.40312650614515,81.12795483244615,-8.5,1,-1.0
73,31.00569263018325,83.10563806727326,-17.0,1,1.0
73,46.464546592618206,10.7539561322139,0.0,2,2.0
73,50.38816820351708,11.747946736117424,-8.5,2,2.0
73,54.30492365253137,12.753753874228698,-17.0,2,2.0
73,39.39330970874296,56.254910387271536,0.0,3,3.0
73,25.737338643339736,53.29657846060937,-8.5,3,3.0
73,12.048779741598862,50.348331866767445,-17.0,3,3.0
73,0.6470503159899107,129.25114396791147,0.0,4,1.0
73,14.74431286303885,106.7043625489826,-8.5,4,1.0
73,28.81092000665557,84.1548047585538,-17.0,4,1.0
74,37.830727985832574,21.06688457114654,0.0,1,4.0
74,41.77968221996025,25.423319819396845,-8.5,1,4.0
74,45.75065203283048,29.77162421073409,-17.0,1,4.0
74,76.84581075744751,130.3557656211866,0.0,2,2.0
74,57.92239773268601,143.76798927738827,-8.5,2,2.0
74,39.00128823595697,157.18362332631278,-17.0,2,2.0
74,78.64846802766898,113.00409265788744,0.0,3,3.0
74,76.49234692223338,113.88631321638154,-8.5,3,3.0
74,74.34862989944293,114.77655393026896,-17.0,3,3.0
74,63.13943153673668,70.88552509413643,0.0,4,1.0
74,61.372029235310826,74.21712340167663,-8.5,4,1.0
74,59.61432143868272,77.54092715819947,-17.0,4,1.0
75,45.80311768151647,112.45692191290613,0.0,1,2.0
75,29.205637303548613,121.49501336405432,-8.5,1,2.0
75,12.60704255518711,130.52301261715945,-17.0,1,2.0
75,67.36525297764803,98.924159390397,0.0,2,1.0
75,78.05788136545216,72.01290935691793,-8.5,2,1.0
75,88.7695846465452,45.15114586501208,-17.0,2,1.0
75,1.3353993667565742,148.73577451594048,0.0,3,4.0
75,8.30079192091164,155.5679846639002,-8.5,3,4.0
75,15.264390117828023,162.40238271221983,-17.0,3,4.0
75,1.0020971082998225,39.5777731419435,0.0,4,3.0
75,37.14631211448834,40.9362080949328,-8.5,4,3.0
75,73.296292170782,42.2876999779169,-17.0,4,3.0
76,95.09182565450472,144.19363562865468,0.0,1,3.0
76,112.95679377672644,157.56682866615927,-8.5,1,3.0
76,130.810180707757,170.9206418360687,-17.0,1,3.0
76,35.84594623314679,121.57913166757147,0.0,2,1.0
76,40.24837683649952,126.53833193494371,-8.5,2,1.0
76,44.66345068634835,131.4855334376368,-17.0,2,1.0
76,20.17348318563653,108.80185534990558,0.0,3,4.0
76,16.62239443099282,96.088844311418,-8.5,3,4.0
76,13.050683894529072,83.38204351620814,-17.0,3,4.0
76,109.66812808507788,106.11295674531956,0.0,4,2.0
76,115.3729526732115,100.11963549343147,-8.5,4,2.0
76,121.08131039721962,94.14841758901704,-17.0,4,2.0
77,111.13536372556813,25.622544742315977,0.0,1,1.0
77,113.10947661225484,17.72049584915849,-8.5,1,1.0
77,115.10486853727056,9.824436198096024,-17.0,1,1.0
77,16.866393024549442,59.15539904620984,0.0,2,2.0
77,22.22987401934218,58.43548905396637,-8.5,2,2.0
77,27.60992739764661,57.72996658566148,-17.0,2,2.0
77,56.368230701299645,96.40520857112676,0.0,3,4.0
77,54.19291376638577,90.68180453923996,-8.5,3,4.0
77,52.018993135982015,84.9582744117513,-17.0,3,4.0
77,93.65831595201848,43.9650751478805,0.0,4,3.0
77,86.7185057652361,47.43675219433453,-8.5,4,3.0
77,79.77593158076412,50.88665231056839,-17.0,4,3.0
78,105.81200351448116,7.010838143219743,0.0,1,1.0
78,100.67042907757036,15.422816573346807,-8.5,1,1.0
78,95.54318882193702,23.838766804722944,-17.0,1,1.0
78,36.614408253659285,52.30893683864366,0.0,2,2.0
78,44.23072675782004,48.864642573418415,-8.5,2,2.0
78,51.83800951373652,45.41231186848962,-17.0,2,2.0
78,95.209159103705,21.84411149797657,0.0,3,3.0
78,106.28313568592476,18.43667223385092,-8.5,3,3.0
78,117.38080051326456,15.026414757189702,-17.0,3,3.0
78,31.635586147301154,124.757584129631,0.0,4,4.0
78,43.63877225443886,123.34188190766064,-8.5,4,4.0
78,55.62822645669544,121.93992992697407,-17.0,4,4.0
79,119.0616509647334,26.978402923677933,0.0,1,-1.0
79,125.64116369777092,16.672183290657784,-8.5,1,-1.0
79,132.23538340958086,6.358387128723956,-17.0,1,1.0
79,126.46907544569665,56.50733009978013,0.0,2,1.0
79,129.00928443526308,40.95104058565934,-8.5,2,1.0
79,131.53511215827626,25.38713866228793,-17.0,2,1.0
79,43.087325752830566,24.35193028253892,0.0,3,3.0
79,53.848258683121216,19.88369074713473,-8.5,3,3.0
79,64.61440723987035,15.414429474601498,-17.0,3,3.0
79,75.4384249375903,38.3220693418639,0.0,4,2.0
79,73.85772078477096,44.22311176063373,-8.5,4,2.0
79,72.25749311018922,50.13678238175903,-17.0,4,2.0
80,57.90773723020733,61.55716206353949,0.0,1,-1.0
80,46.67161953929381,56.52862380491637,-8.5,1,-1.0
80,35.41919267291776,51.506097413017926,-17.0,1,1.0
80,73.74369346306065,140.69086773338293,0.0,2,3.0
80,88.66304592900202,151.7801996510967,-8.5,2,3.0
80,103.58814380017569,162.86421380946314,-17.0,2,3.0
80,141.52562914317943,35.854326614805856,0.0,3,1.0
80,119.38525586283092,43.52336410409404,-8.5,3,1.0
80,97.25310862491754,51.205076553248205,-17.0,3,1.0
80,63.77092155472163,125.89789020779423,0.0,4,2.0
80,80.93539045650448,128.21413316961247,-8.5,4,2.0
80,98.08953336538836,130.51849009651085,-17.0,4,2.0
81,119.08503859421808,114.61606089291482,0.0,1,1.0
81,132.30667822199013,133.09213203355495,-8.5,1,1.0
81,145.5238526402655,151.5766308187674,-17.0,1,1.0
81,70.75468721689089,119.28625420429216,0.0,2,1.0
81,38.5586261302354,114.0512121389698,-8.5,2,3.0
81,6.360338517325947,108.80766969231831,-17.0,2,-1.0
81,115.41369207075972,132.43570082296498,0.0,3,3.0
81,121.65603842779076,131.46621249018622,-8.5,3,1.0
81,127.9098925979116,130.4980457509048,-17.0,3,-1.0
81,114.1746225798386,81.91103863505374,0.0,4,2.0
81,108.19213209686872,83.71615910831557,-8.5,4,2.0
81,102.19601551921576,85.51241602508914,-17.0,4,2.0
82,93.04056336249558,141.93639612336906,0.0,1,2.0
82,100.10646388388292,146.96697393252836,-8.5,1,2.0
82,107.18366542610408,152.00500970878323,-17.0,1,2.0
82,113.44966792285,120.70685234863952,0.0,2,4.0
82,110.19838827512592,119.8046100202602,-8.5,2,4.0
82,106.95629710013556,118.91703779609227,-17.0,2,4.0
82,127.01240880709096,39.52127503077439,0.0,3,1.0
82,121.94104948346936,40.13325743629984,-8.5,3,1.0
82,116.85383435444768,40.74960366560133,-17.0,3,1.0
82,46.34105415105319,25.45613838092343,0.0,4,3.0
82,58.509022363706,24.33941653515067,-8.5,4,3.0
82,70.68672802458974,23.2070940871895,-17.0,4,3.0
83,92.00480377440472,118.32696344089298,0.0,1,2.0
83,72.27925106023943,126.25404474806852,-8.5,1,2.0
83,52.573052029495074,134.1806691998725,-17.0,1,2.0
83,130.26856654721334,115.230688145428,0.0,2,1.0
83,120.56163676795856,130.82141188799793,-8.5,2,1.0
83,110.84571911442896,146.41875535826426,-17.0,2,1.0
83,142.11531075713543,117.68331829527246,0.0,3,4.0
83,145.08047055844867,122.05451379593715,-8.5,3,4.0
83,148.02899385434304,126.42759069110356,-17.0,3,4.0
83,119.9523196053936,37.34164091917487,0.0,4,3.0
83,126.72928797097212,44.95414070325728,-8.5,4,3.0
83,133.5181704736697,52.56641893870174,-17.0,4,3.0
84,31.27582901882824,71.63967492369407,0.0,1,2.0
84,43.50736511618117,73.2734065967193,-8.5,1,2.0
84,55.73606742680817,74.89466826799189,-17.0,1,2.0
84,125.48233520608572,148.48498606127148,0.0,2,1.0
84,129.251875953625,133.61315969346512,-8.5,2,1.0
84,133.01181235336546,118.72569576592429,-17.0,2,1.0
84,119.72206437128894,84.8337985256593,0.0,3,3.0
84,129.82686347157016,90.46771228344186,-8.5,3,3.0
84,139.9431018289558,96.12572845027968,-17.0,3,3.0
84,98.51176106343657,143.28267331959668,0.0,4,-1.0
84,110.98539664038478,132.74196486237065,-8.5,4,1.0
84,123.4688394059187,122.19249395628282,-17.0,4,1.0
85,19.224560223110387,87.17306120596774,0.0,1,2.0
85,24.01560309796093,72.62881709346571,-8.5,1,2.0
85,28.79586583508862,58.07254539625132,-17.0,1,2.0
85,50.98314786076797,60.2021963101818,0.0,2,4.0
85,64.21720232576848,43.42952064627133,-8.5,2,4.0
85,77.44752722775894,26.65960870460045,-17.0,2,4.0
85,1.1278207598711778,60.46440827082788,0.0,3,3.0
85,10.901939982581244,80.08582952928982,-8.5,3,3.0
85,20.69359858110885,99.7114848985816,-17.0,3,3.0
85,103.09240022313315,75.88661042023404,0.0,4,1.0
85,105.5980695003715,78.42966551887231,-8.5,4,1.0
85,108.11751546375898,80.97275722032477,-17.0,4,1.0
86,122.5919918211896,43.45829084256787,0.0,1,2.0
86,127.58550574592006,45.43455866013234,-8.5,1,2.0
86,132.57142604393695,47.42339490364648,-17.0,1,2.0
86,82.86336640664165,75.77440347268487,0.0,2,1.0
86,85.35298574195264,82.51568817232577,-8.5,2,1.0
86,87.83413919305801,89.260997262243,-17.0,2,1.0
86,50.49475766682522,11.031635871715867,0.0,3,4.0
86,28.923804878447974,14.75638524777027,-8.5,3,4.0
86,7.355675497900667,18.48121368024828,-17.0,3,4.0
86,41.26958894402855,105.71253479805364,0.0,4,3.0
86,46.88165140697848,93.12610483099792,-8.5,4,3.0
86,52.480648092885055,80.54702710746773,-17.0,4,3.0
87,72.3406098309213,39.45090251256986,0.0,1,-1.0
87,72.63776288805535,25.16204179630586,-8.5,1,-1.0
87,72.93859142717535,10.886722691349044,-17.0,1,1.0
87,79.0208570425317,122.1768012033448,0.0,2,2.0
87,75.75105091734454,127.85204632290728,-8.5,2,2.0
87,72.4713169114996,133.55791270805008,-17.0,2,2.0
87,113.06352959578912,8.631034862125672,0.0,3,1.0
87,105.42478454842976,9.80835782520747,-8.5,3,1.0
87,97.79706657595167,10.9765729625277,-17.0,3,1.0
87,23.868838349826454,87.43599526503831,0.0,4,3.0
87,28.21645847751244,85.58018435877612,-8.5,4,3.0
87,32.56540692289732,83.72039749613685,-17.0,4,3.0
88,48.13389961124473,5.259206569049363,0.0,1,3.0
88,45.59462143664617,6.461430713164464,-8.5,1,3.0
88,43.04965433795861,7.668892478230279,-17.0,1,3.0
88,12.367104533213832,70.99107675529383,0.0,2,-1.0
88,16.29545873539447,73.49601236189632,-8.5,2,1.0
88,20.22716588585712,76.00057866659759,-17.0,2,-1.0
88,16.81463391887446,36.76190619807572,0.0,3,1.0
88,17.390645743951286,26.687217915803668,-8.5,3,1.0
88,17.970731718552038,16.608886317119918,-17.0,3,1.0
88,79.24351175548716,16.029594683956642,0.0,4,2.0
88,91.51036670109652,26.745625961818057,-8.5,4,2.0
88,103.77070768480576,37.444789418201765,-17.0,4,2.0
89,85.73287923170935,109.96426939226004,0.0,1,3.0
89,71.10405646039975,113.83165413407065,-8.5,1,3.0
89,56.464018802497655,117.68186245166474,-17.0,1,3.0
89,23.20343027331176,134.12723879569342,0.0,2,2.0
89,39.5419681932798,124.53558616843496,-8.5,2,2.0
89,55.87831963724658,114.9573820309283,-17.0,2,2.0
89,139.18803177344773,127.31262108437944,0.0,3,1.0
89,142.12845967288197,123.66185373826264,-8.5,3,1.0
89,145.07396383423287,119.99296812287676,-17.0,3,1.0
89,42.83764585067723,140.01064696618204,0.0,4,4.0
89,44.99993176303588,112.0814642543928,-8.5,4,4.0
89,47.15614955583683,84.14088490787199,-17.0,4,4.0
90,134.050687095249,44.12126408104012,0.0,1,1.0
90,109.00205820305096,40.40694327730394,-8.5,1,1.0
90,83.97043685593206,36.69234213247584,-17.0,1,1.0
90,115.90270304825106,100.10455389860344,0.0,2,3.0
90,102.58403337063314,77.93521569819436,-8.5,2,3.0
90,89.27609505382813,55.77003326070481,-17.0,2,3.0
90,121.03044122497872,64.68512998830775,0.0,3,2.0
90,126.11564912126607,71.42200961075561,-8.5,3,2.0
90,131.19445863659527,78.17487425344602,-17.0,3,2.0
90,21.67351598998261,84.2963357673211,0.0,4,4.0
90,20.206761153658093,77.3106608335134,-8.5,4,4.0
90,18.74128623627755,70.32035980179346,-17.0,4,4.0
91,111.42072003047988,11.590163146861432,0.0,1,4.0
91,109.41706214378831,16.024081866182932,-8.5,1,4.0
91,107.4335317883321,20.464782824235964,-17.0,1,4.0
91,67.41221058816396,83.97146387261549,0.0,2,2.0
91,72.99413047308683,81.60484637277247,-8.5,2,2.0
91,78.59403718207011,79.2680760638524,-17.0,2,2.0
91,148.6864766558313,79.35723593132904,0.0,3,3.0
91,144.39733792775414,80.68639814307703,-8.5,3,3.0
91,140.0989250498897,82.0134073290486,-17.0,3,3.0
91,58.51574735269603,5.343063996828325,0.0,4,1.0
91,63.30387735512377,42.13489757091125,-8.5,4,1.0
91,68.09118348211076,78.92128384807957,-17.0,4,1.0
92,29.203363858050047,2.6354620212921773,0.0,1,3.0
92,15.218615111161103,10.320469190552934,-8.5,1,3.0
92,1.248863019145248,18.008604946805104,-17.0,1,3.0
92,70.41776418578367,112.91313074818916,0.0,2,2.0
92,76.87237025566635,120.8742992586573,-8.5,2,2.0
92,83.32199683227971,128.8282439020564,-17.0,2,2.0
92,120.2093072417938,118.69351510658362,0.0,3,4.0
92,103.63735390918336,96.49110148615246,-8.5,3,4.0
92,87.08514286758158,74.282390917127,-17.0,3,4.0
92,14.584891491965438,119.01172748300908,0.0,4,1.0
92,20.528429262162973,120.44012847874784,-8.5,4,1.0
92,26.47673074847884,121.8716812345709,-17.0,4,1.0
93,54.68626118034845,97.32441434354844,0.0,1,2.0
93,82.44128557295917,87.62376861102474,-8.5,1,2.0
93,110.1859387064289,77.93582844798733,-17.0,1,2.0
93,127.674477921119,146.9333796694068,0.0,2,3.0
93,124.4065526921076,152.8639767950024,-8.5,2,3.0
93,121.12580343270696,158.79754253471148,-17.0,2,3.0
93,60.46051963064394,2.275651717847744,0.0,3,1.0
93,61.45498560718767,9.091299517587288,-8.5,3,1.0
93,62.44013207169437,15.913136180521544,-17.0,3,1.0
93,95.55303291396076,87.79126895894062,0.0,4,4.0
93,94.06335039462472,87.25898540999464,-8.5,4,4.0
93,92.58522339413688,86.70502289312874,-17.0,4,4.0
94,23.5030312347817,27.18981443070455,0.0,1,3.0
94,39.10042008858132,72.46173564415018,-8.5,1,3.0
94,54.68996327737698,117.72241031476644,-17.0,1,3.0
94,99.5725606884121,11.47104882361199,0.0,2,1.0
94,99.32062665719556,75.89089544166232,-8.5,2,1.0
94,99.06885136571468,140.32241805055392,-17.0,2,1.0
94,95.95152336353505,75.59725661083966,0.0,3,4.0
94,72.26682567674969,57.86496394746921,-8.5,3,4.0
94,48.56229076362124,40.12232482928689,-17.0,3,4.0
94,115.46334788986582,81.65333254761558,0.0,4,2.0
94,130.2397630197608,80.25165039834495,-8.5,4,2.0
94,144.9915369761116,78.84356524249714,-17.0,4,2.0
95,102.758073044751,143.54050011861582,0.0,1,3.0
95,98.17102362548592,99.7749138663606,-8.5,1,3.0
95,93.58240995483112,56.00470917009242,-17.0,1,3.0
95,4.166334993598804,109.28841876562228,0.0,2,-1.0
95,49.93044816022995,82.15111491283454,-8.5,2,-1.0
95,95.68519066214684,55.00820172694767,-17.0,2,3.0
95,117.73732745954534,61.01843361773268,0.0,3,2.0
95,130.82047087147424,57.53009094260767,-8.5,3,2.0
95,143.88589636947148,54.04151476820034,-17.0,3,2.0
95,50.53463965760025,110.87985599506192,0.0,4,1.0
95,52.89080694812734,108.85312442762748,-8.5,4,1.0
95,55.24032429243354,106.8050844416248,-17.0,4,1.0
96,53.88083590947455,4.976543579820833,0.0,1,2.0
96,56.81088779949919,8.610408965578277,-8.5,1,2.0
96,59.7471987799417,12.222872672328704,-17.0,1,2.0
96,86.48576011513121,52.67507599892652,0.0,2,-1.0
96,78.88193327030258,39.91589707111214,-8.5,2,-1.0
96,71.26031575213305,27.168807514588934,-17.0,2,1.0
96,14.805976620276388,52.94847062063621,0.0,3,1.0
96,41.88757408603996,54.83123576100136,-8.5,3,1.0
96,68.97052705285253,56.70352973344875,-17.0,3,1.0
96,62.90176177948586,73.05647995489355,0.0,4,3.0
96,67.07146073962582,63.55605864479009,-8.5,4,3.0
96,71.23304814455332,54.06988364659592,-17.0,4,1.0
97,17.960420128414736,54.79131077763368,0.0,1,3.0
97,28.83036314262127,52.22454673140116,-8.5,1,3.0
97,39.72172979508016,49.65125702022104,-17.0,1,3.0
97,17.65760246441588,71.61522124054292,0.0,2,4.0
97,30.42780427901891,80.80289135545137,-8.5,2,4.0
97,43.1840976959744,89.98674279411476,-17.0,2,4.0
97,120.14661184270294,76.88274254748087,0.0,3,2.0
97,123.79686574267622,91.43800566315451,-8.5,3,2.0
97,127.42571249646797,106.01369133892578,-17.0,3,2.0
97,43.901651807308376,14.065790654125804,0.0,4,1.0
97,42.346419823320616,16.124512137237883,-8.5,4,1.0
97,40.78448607748413,18.17827212137173,-17.0,4,1.0
98,76.83197194852517,12.043191817274996,0.0,1,-1.0
98,78.83878758551599,6.759399982030271,-8.5,1,-1.0
98,80.84965354200854,1.4747320430797273,-17.0,1,1.0
98,96.19928287460029,85.75106293510147,0.0,2,1.0
98,94.08881187127118,84.71197158572014,-8.5,2,-1.0
98,91.9703876725126,83.65729447770123,-17.0,2,3.0
98,90.59618903948538,19.67823153297804,0.0,3,2.0
98,71.87597061882036,11.453601538612062,-8.5,3,-1.0
98,53.15356775021592,3.2075137658611297,-17.0,3,1.0
98,57.559413229481166,43.19105922106608,0.0,4,3.0
98,71.18574560119815,36.31993435631514,-8.5,4,1.0
98,84.82065156830062,29.44548956794267,-17.0,4,2.0
99,132.82181084546693,118.85666695674858,0.0,1,2.0
99,111.10120521515074,132.25358463281293,-8.5,1,2.0
99,89.37091024985921,145.65279348621178,-17.0,1,2.0
99,109.82670824978644,16.692831664426592,0.0,2,4.0
99,110.06380982128869,26.66419169864872,-8.5,2,3.0
99,110.30685021716192,36.62507419912748,-17.0,2,1.0
99,69.51318996715305,54.67258525767601,0.0,3,3.0
99,61.45032384534895,36.77805009764408,-8.5,3,1.0
99,53.37553145224698,18.887979359066883,-17.0,3,4.0
99,70.29577951333218,35.98196387899252,0.0,4,1.0
99,67.93883137898531,29.851109365732096,-8.5,4,3.0
99,65.59539479609815,23.726999831027577,-17.0,4,-1.0
100,11.501655103130645,70.05965311942217,0.0,1,1.0
100,39.73341043232382,70.5703193850836,-8.5,1,1.0
100,67.97162030061358,71.08890919240532,-17.0,1,1.0
100,127.19321668343096,141.82288103952777,0.0,2,2.0
100,119.1120449125092,143.2256223626904,-8.5,2,2.0
100,111.0536701231264,144.62759603188715,-17.0,2,2.0
100,111.92371773664888,22.289477363429977,0.0,3,3.0
100,93.41030806890257,16.495398741865852,-8.5,3,3.0
100,74.88431345820428,10.706736893836167,-17.0,3,3.0
100,102.31233277783798,91.82693620359,0.0,4,4.0
100,103.4173747875789,87.66969380221684,-8.5,4,4.0
100,104.50840530010944,83.50398271337131,-17.0,4,4.0
