0,1,0.8029667469227922,0.11495941955420108,0.5848322282432714,42.785033983197344,74.95344969437356,0.0
0,1,0.8029667469227922,0.11495941955420108,0.5848322282432714,31.115475348214893,73.28670094174693,-8.5
0,1,0.8029667469227922,0.11495941955420108,0.5848322282432714,19.44426373601747,71.6117904730883,-17.0
0,1,0.7091023644227852,0.3542993685243008,0.6096275865094175,142.16929374453193,54.22107162246924,0.0
0,1,0.7091023644227852,0.3542993685243008,0.6096275865094175,132.28032254142366,49.28576797794188,-8.5
0,1,0.7091023644227852,0.3542993685243008,0.6096275865094175,122.3953522830122,44.34112300132399,-17.0
1,1,-0.12123002148726617,-0.5607109051794558,0.819088861298353,99.52206616539284,115.85092958566388,0.0
1,1,-0.12123002148726617,-0.5607109051794558,0.819088861298353,100.7778574408538,121.67128956313876,-8.5
1,1,-0.12123002148726617,-0.5607109051794558,0.819088861298353,102.03816733574698,127.4883547566172,-17.0
1,1,-0.7656192570991363,-0.014548837875575314,0.6431294461268565,120.52795326598688,3.89838605093403,0.0
1,1,-0.7656192570991363,-0.014548837875575314,0.6431294461268565,130.64733079576015,4.08578950450457,-8.5
1,1,-0.7656192570991363,-0.014548837875575314,0.6431294461268565,140.76575678212762,4.282959159540215,-17.0
2,1,-0.6107360025082034,0.09087304417791722,0.7866025839533826,113.50321386836517,40.03800284876279,0.0
2,1,-0.6107360025082034,0.09087304417791722,0.7866025839533826,120.10390198014572,39.05106993607399,-8.5
2,1,-0.6107360025082034,0.09087304417791722,0.7866025839533826,126.70239754107618,38.07406132006231,-17.0
2,1,0.1188465874392243,-0.13848468288609395,0.9832077508136259,147.39333271497972,17.990337403118797,0.0
2,1,0.1188465874392243,-0.13848468288609395,0.9832077508136259,146.36612030959492,19.19302424873467,-8.5
2,1,0.1188465874392243,-0.13848468288609395,0.9832077508136259,145.3384343500394,20.384784868975025,-17.0
3,1,-0.4582729069607828,0.5881559074019339,0.6663771989901228,92.1420171349825,134.15772266212895,0.0
3,1,-0.4582729069607828,0.5881559074019339,0.6663771989901228,97.98398269627027,126.6553418407146,-8.5
3,1,-0.4582729069607828,0.5881559074019339,0.6663771989901228,103.83305224036734,119.153232039863,-17.0
3,1,-0.6463142994701006,0.5806625251254973,0.49508469802181776,100.85262459779084,74.79350309929735,0.0
3,1,-0.6463142994701006,0.5806625251254973,0.49508469802181776,111.94425934850224,64.8234117925574,-8.5
3,1,-0.6463142994701006,0.5806625251254973,0.49508469802181776,123.04547946404364,54.85496933309192,-17.0
4,1,0.39529385703397046,0.7927197600388586,0.4640454165651693,18.749583025549725,146.09107251129973,0.0
4,1,0.39529385703397046,0.7927197600388586,0.4640454165651693,11.506698386460636,131.56595940111777,-8.5
4,1,0.39529385703397046,0.7927197600388586,0.4640454165651693,4.2682517671665705,117.05030393531494,-17.0
4,1,-0.32976985081220406,-0.8478119302510905,0.4152911947287312,92.38845498522942,7.467593089459272,0.0
4,1,-0.32976985081220406,-0.8478119302510905,0.4152911947287312,99.12926465442376,24.82007676498688,-8.5
4,1,-0.32976985081220406,-0.8478119302510905,0.4152911947287312,105.88762659055992,42.17288660523836,-17.0
5,1,0.7753003372542465,0.014423547912626528,0.6314280230707724,141.78839320213763,24.145112092038204,0.0
5,1,0.7753003372542465,0.014423547912626528,0.6314280230707724,131.35478244789786,23.954123372780696,-8.5
5,1,0.7753003372542465,0.014423547912626528,0.6314280230707724,120.91490484047134,23.756785853955773,-17.0
5,0,0.7328001679332509,0.4912092591924436,0.47086874770004666,85.31208159586002,59.82983766388893,0.0
5,0,0.7328001679332509,0.4912092591924436,0.47086874770004666,72.07825704199614,50.94273184644748,-8.5
5,0,0.7328001679332509,0.4912092591924436,0.47086874770004666,58.85544884755198,42.09548460788104,-17.0
6,1,0.220092123616678,-0.16824113875609017,0.9608612680048847,52.86984841455546,11.71473009073527,0.0
6,1,0.220092123616678,-0.16824113875609017,0.9608612680048847,50.92369446373941,13.202240738841724,-8.5
6,1,0.220092123616678,-0.16824113875609017,0.9608612680048847,48.97587723780682,14.691329768589425,-17.0
6,1,0.687657671713398,-0.6495798180237945,0.32430384911357857,138.68036282829436,2.3643214697506343,0.0
6,1,0.687657671713398,-0.6495798180237945,0.32430384911357857,120.66008182860556,19.397684405495895,-8.5
6,1,0.687657671713398,-0.6495798180237945,0.32430384911357857,102.63336391574371,36.4152793830302,-17.0
7,1,0.22448504128706015,0.2570014478927002,0.9399769795156702,62.00549329570101,63.16306277907091,0.0
7,1,0.22448504128706015,0.2570014478927002,0.9399769795156702,59.97091701169692,60.83615309156064,-8.5
7,1,0.22448504128706015,0.2570014478927002,0.9399769795156702,57.94555862044932,58.51505080534009,-17.0
7,1,0.18375340260334855,-0.656273555116943,0.7318057856329511,117.12372914742151,27.820172529722843,0.0
7,1,0.18375340260334855,-0.656273555116943,0.7318057856329511,114.98752323364612,35.43452432453161,-8.5
7,1,0.18375340260334855,-0.656273555116943,0.7318057856329511,112.85509898312878,43.06554071868893,-17.0
8,1,0.7416595954330311,0.03918213731589744,0.6696310959158563,116.129752995632,77.70039684219083,0.0
8,1,0.7416595954330311,0.03918213731589744,0.6696310959158563,106.72033305540435,77.20125161858411,-8.5
8,1,0.7416595954330311,0.03918213731589744,0.6696310959158563,97.30115828020152,76.70567517968782,-17.0
8,0,-0.16473794516508256,0.10549264328624197,0.9806797191923917,62.791219155853554,36.86664367281313,0.0
8,0,-0.16473794516508256,0.10549264328624197,0.9806797191923917,64.23114356041408,35.95249138771934,-8.5
8,0,-0.16473794516508256,0.10549264328624197,0.9806797191923917,65.64693567891689,35.03793759217474,-17.0
9,1,-0.46655986783953346,0.6580022467492954,0.5910625457550466,134.33569316367524,56.34017810280601,0.0
9,1,-0.46655986783953346,0.6580022467492954,0.5910625457550466,141.04387304304234,46.87994653381188,-8.5
9,1,-0.46655986783953346,0.6580022467492954,0.5910625457550466,147.75477668892958,37.414874634777085,-17.0
9,1,0.6038376270527251,0.7850756197531534,0.13797242994358053,95.51262667934498,141.5460430009256,0.0
9,1,0.6038376270527251,0.7850756197531534,0.13797242994358053,58.31338640801857,93.1730542256825,-8.5
9,1,0.6038376270527251,0.7850756197531534,0.13797242994358053,21.11196799528368,44.814504045942336,-17.0
10,1,-0.615849233007085,-0.6945479115993877,0.37193133868701406,44.20976562738257,109.88773636222474,0.0
10,1,-0.615849233007085,-0.6945479115993877,0.37193133868701406,58.28714640933353,125.7633417589725,-8.5
10,1,-0.615849233007085,-0.6945479115993877,0.37193133868701406,72.35860858567563,141.6336882757637,-17.0
10,1,-0.944213567423054,0.2160221973031997,0.24858630164698842,80.89092230535337,19.61160315680886,0.0
10,1,-0.944213567423054,0.2160221973031997,0.24858630164698842,113.17759944795868,12.22903721847262,-8.5
10,1,-0.944213567423054,0.2160221973031997,0.24858630164698842,145.4625842998926,4.838555210290783,-17.0
11,1,-0.5169756227866497,0.3764560142695986,0.7687763489888355,120.78552966855456,92.39174297545487,0.0
11,1,-0.5169756227866497,0.3764560142695986,0.7687763489888355,126.5036698681388,88.22928432781492,-8.5
11,1,-0.5169756227866497,0.3764560142695986,0.7687763489888355,132.21744413705918,84.06714734743422,-17.0
11,1,-0.09984944639255536,0.9569221659456694,0.27263539091055106,13.503809633709883,121.38029553315896,0.0
11,1,-0.09984944639255536,0.9569221659456694,0.27263539091055106,16.622501491144636,91.54627469961004,-8.5
11,1,-0.09984944639255536,0.9569221659456694,0.27263539091055106,19.729855957344625,61.71204495487124,-17.0
12,1,0.345009513981846,0.07694463378036101,0.9354399812892417,63.67240427758118,121.30710823830694,0.0
12,1,0.345009513981846,0.07694463378036101,0.9354399812892417,60.54041277322815,120.60609878454018,-8.5
12,1,0.345009513981846,0.07694463378036101,0.9354399812892417,57.40245465678103,119.9087727890879,-17.0
12,1,-0.8108066815937923,-0.11193139780009739,0.574511868693223,66.89153269910774,60.73495082100224,0.0
12,1,-0.8108066815937923,-0.11193139780009739,0.574511868693223,78.8813940576971,62.38506567511292,-8.5
12,1,-0.8108066815937923,-0.11193139780009739,0.574511868693223,90.88357435407396,64.04703712942491,-17.0
13,1,0.6145411364910444,-0.6090953238198348,0.5013402817060549,135.08006906701823,52.76674832750647,0.0
13,1,0.6145411364910444,-0.6090953238198348,0.5013402817060549,124.6623844697878,63.08927549547625,-8.5
13,1,0.6145411364910444,-0.6090953238198348,0.5013402817060549,114.2415296813428,73.42062467547214,-17.0
13,1,-0.09135894853765279,-0.6394589104907334,0.7633779171001076,94.53429218782672,146.3868284597704,0.0
13,1,-0.09135894853765279,-0.6394589104907334,0.7633779171001076,95.5584445736158,153.51325570916097,-8.5
13,1,-0.09135894853765279,-0.6394589104907334,0.7633779171001076,96.56880305796388,160.62721964791467,-17.0
14,1,0.1923374594131984,-0.9364925034704934,0.2932372634063482,113.74047341537792,1.2916665500647044,0.0
14,1,0.1923374594131984,-0.9364925034704934,0.2932372634063482,108.15939583182748,28.43294462323897,-8.5
14,1,0.1923374594131984,-0.9364925034704934,0.2932372634063482,102.58999104548064,55.5834447322979,-17.0
14,1,0.3294984494459965,-0.6305314827120002,0.7027523184747887,109.77714816243088,47.382241527592456,0.0
14,1,0.3294984494459965,-0.6305314827120002,0.7027523184747887,105.801885504818,55.00555040836874,-8.5
14,1,0.3294984494459965,-0.6305314827120002,0.7027523184747887,101.80638605147756,62.635175275254845,-17.0
15,1,-0.8573289044079431,0.3223949711813336,0.40130864957494133,70.61006645359213,14.720934449424304,0.0
15,1,-0.8573289044079431,0.3223949711813336,0.40130864957494133,88.77358147418914,7.888351205052352,-8.5
15,1,-0.8573289044079431,0.3223949711813336,0.40130864957494133,106.92772637886482,1.0638297615174432,-17.0
15,1,0.6504516772432288,0.5882693677341955,0.48047035970711083,141.81321427651687,27.68217576496409,0.0
15,1,0.6504516772432288,0.5882693677341955,0.48047035970711083,130.3165527316439,17.27672910927501,-8.5
15,1,0.6504516772432288,0.5882693677341955,0.48047035970711083,118.79893916900537,6.868032247457829,-17.0
16,1,0.6523078233191177,-0.5348991077806949,0.5370078659871672,81.13995526638435,77.41400714041008,0.0
16,1,0.6523078233191177,-0.5348991077806949,0.5370078659871672,70.81318587521336,85.88262438026224,-8.5
16,1,0.6523078233191177,-0.5348991077806949,0.5370078659871672,60.48991713597646,94.34725022398015,-17.0
16,1,-0.8085641279916735,0.3624972529924164,0.4634865612917129,51.35733942322999,85.31783963634439,0.0
16,1,-0.8085641279916735,0.3624972529924164,0.4634865612917129,66.18724712463322,78.6724610644886,-8.5
16,1,-0.8085641279916735,0.3624972529924164,0.4634865612917129,81.01427301743759,72.02197773689589,-17.0
17,1,-0.9898315055320025,-0.06204727075033437,0.12799893299822518,11.023339445283897,11.143535636519012,0.0
17,1,-0.9898315055320025,-0.06204727075033437,0.12799893299822518,76.76717006259109,15.264994473865007,-8.5
17,1,-0.9898315055320025,-0.06204727075033437,0.12799893299822518,142.48643063558083,19.38425734251484,-17.0
17,1,-0.10655384872161022,0.946843738612576,0.3035345317633108,68.11295678865278,72.46872447828106,0.0
17,1,-0.10655384872161022,0.946843738612576,0.3035345317633108,71.09690646536356,45.94561917361628,-8.5
17,1,-0.10655384872161022,0.946843738612576,0.3035345317633108,74.08069763599974,19.439031297301927,-17.0
18,1,-0.1804315311206107,0.7255367942011178,0.6641090443879204,77.66790606846388,19.212150684169416,0.0
18,1,-0.1804315311206107,0.7255367942011178,0.6641090443879204,79.97962692560324,9.922414021973111,-8.5
18,1,-0.1804315311206107,0.7255367942011178,0.6641090443879204,82.2866291712267,0.6397110472552996,-17.0
18,1,0.8765726947217426,-0.34359755334270803,0.3369881781385925,99.77574918489896,147.64396243424076,0.0
18,1,0.8765726947217426,-0.34359755334270803,0.3369881781385925,77.65853608405729,156.30424994124968,-8.5
18,1,0.8765726947217426,-0.34359755334270803,0.3369881781385925,55.5553980608348,164.9773854218469,-17.0
19,1,0.6659639653762547,-0.10666206104026199,0.7383191732272557,22.809772452451316,130.20403010412417,0.0
19,1,0.6659639653762547,-0.10666206104026199,0.7383191732272557,15.14485034765078,131.4307969682542,-8.5
19,1,0.6659639653762547,-0.10666206104026199,0.7383191732272557,7.475770996732916,132.65995299794628,-17.0
19,1,0.5957970089721282,-0.52584750608263,0.6070505122694027,129.71159248001229,75.2023905088282,0.0
19,1,0.5957970089721282,-0.52584750608263,0.6070505122694027,121.3806728349226,82.56417107051021,-8.5
19,1,0.5957970089721282,-0.52584750608263,0.6070505122694027,113.02674260709776,89.92836003213245,-17.0
20,1,0.8591326343601209,-0.316874612211195,0.4018477282671183,79.73033877252587,121.22999759185588,0.0
20,1,0.8591326343601209,-0.316874612211195,0.4018477282671183,61.55645227698826,127.94415452596095,-8.5
20,1,0.8591326343601209,-0.316874612211195,0.4018477282671183,43.38509234979929,134.6352437491242,-17.0
20,0,-0.6661783894643397,-0.0812407877786447,0.7413543604861335,78.07044920920475,146.01646004792136,0.0
20,0,-0.6661783894643397,-0.0812407877786447,0.7413543604861335,85.71740319107944,146.93887576948842,-8.5
20,0,-0.6661783894643397,-0.0812407877786447,0.7413543604861335,93.34658601896535,147.87939562724526,-17.0
21,1,-0.6983401609422659,-0.3965843392219298,0.595853909527357,82.42957028691582,82.18642750859436,0.0
21,1,-0.6983401609422659,-0.3965843392219298,0.595853909527357,92.38856398818788,87.8378408966646,-8.5
21,1,-0.6983401609422659,-0.3965843392219298,0.595853909527357,102.35355194472086,93.50116912531516,-17.0
21,1,0.7241539988602828,0.07726345956190674,0.6852965370926569,120.3523378212283,56.28610497565402,0.0
21,1,0.7241539988602828,0.07726345956190674,0.6852965370926569,111.37711202934372,55.32313444255956,-8.5
21,1,0.7241539988602828,0.07726345956190674,0.6852965370926569,102.3884109772521,54.369446253121936,-17.0
22,1,-0.12980453218813076,0.18241580709174374,0.9746154404412483,144.73377916813487,3.263681800286511,0.0
22,1,-0.12980453218813076,0.18241580709174374,0.9746154404412483,145.86874538113452,1.666649177497136,-8.5
22,1,-0.12980453218813076,0.18241580709174374,0.9746154404412483,146.99793037553323,0.0818442128640108,-17.0
22,1,-0.18012711434676737,-0.15406520792389083,0.9715030284998987,52.560267496873344,128.86683521709037,0.0
22,1,-0.18012711434676737,-0.15406520792389083,0.9715030284998987,54.1277722385739,130.2117283624558,-8.5
22,1,-0.18012711434676737,-0.15406520792389083,0.9715030284998987,55.71224911335172,131.5627692515681,-17.0
23,1,-0.8530694717763256,-0.49203994383308036,0.17369274595100398,14.801503122809669,96.00058977928356,0.0
23,1,-0.8530694717763256,-0.49203994383308036,0.17369274595100398,56.55363460506883,120.07515913649289,-8.5
23,1,-0.8530694717763256,-0.49203994383308036,0.17369274595100398,98.29480566774306,144.1584965789219,-17.0
23,1,-0.7207368758444817,-0.6198406592710144,0.3103802714613329,12.74502714863426,20.51711590466872,0.0
23,1,-0.7207368758444817,-0.6198406592710144,0.3103802714613329,32.4863665688912,37.485404556225454,-8.5
23,1,-0.7207368758444817,-0.6198406592710144,0.3103802714613329,52.22088324108112,54.46673222547764,-17.0
24,1,0.45798705083452224,0.8485361015101549,0.2650176328130733,148.06476205307527,71.42286421388202,0.0
24,1,0.45798705083452224,0.8485361015101549,0.2650176328130733,133.37052186767076,44.20689114538604,-8.5
24,1,0.45798705083452224,0.8485361015101549,0.2650176328130733,118.68641577914433,16.992094595206424,-17.0
24,1,-0.8395992250238125,-0.42163335614259945,0.34248861926689095,15.183928738630057,16.666903778246546,0.0
24,1,-0.8395992250238125,-0.42163335614259945,0.34248861926689095,36.01654374606957,27.13492955302782,-8.5
24,1,-0.8395992250238125,-0.42163335614259945,0.34248861926689095,56.85885138476868,37.59538647025225,-17.0
25,1,0.1586178719680884,0.05345929651817416,0.9858917153055385,124.92258207671576,97.61171805121202,0.0
25,1,0.1586178719680884,0.05345929651817416,0.9858917153055385,123.5568720119504,97.15272649634782,-8.5
25,1,0.1586178719680884,0.05345929651817416,0.9858917153055385,122.18749086281358,96.68990486498797,-17.0
25,1,0.04233547221164248,-0.07365638507927176,0.9963846871212301,26.2588877914382,73.72760677072216,0.0
25,1,0.04233547221164248,-0.07365638507927176,0.9963846871212301,25.8946551486596,74.34851306207374,-8.5
25,1,0.04233547221164248,-0.07365638507927176,0.9963846871212301,25.536573270720755,74.98430844443128,-17.0
26,1,0.8248279162443783,0.03274768608414458,0.5644346708345362,32.10390916670381,122.7411959724169,0.0
26,1,0.8248279162443783,0.03274768608414458,0.5644346708345362,19.683247008667777,122.2462451849788,-8.5
26,1,0.8248279162443783,0.03274768608414458,0.5644346708345362,7.261220912211074,121.75488043446744,-17.0
26,1,0.39968367735481597,0.1105398883272736,0.9099636757281718,46.86780696093234,49.89617383557896,0.0
26,1,0.39968367735481597,0.1105398883272736,0.9099636757281718,43.13807986125918,48.85371396026896,-8.5
26,1,0.39968367735481597,0.1105398883272736,0.9099636757281718,39.4008908628602,47.83106024181305,-17.0
27,1,0.1262714419192928,0.4600763101377232,0.878854545306378,12.402131638039313,92.25472045687128,0.0
27,1,0.1262714419192928,0.4600763101377232,0.878854545306378,11.176179548630175,87.81471718172452,-8.5
27,1,0.1262714419192928,0.4600763101377232,0.878854545306378,9.959616405583906,83.35530127896354,-17.0
27,0,0.04099532744545764,-0.1736615206700551,0.9839517566253966,45.67264996685601,23.90374319555845,0.0
27,0,0.04099532744545764,-0.1736615206700551,0.9839517566253966,45.32193725832563,25.391403753428783,-8.5
27,0,0.04099532744545764,-0.1736615206700551,0.9839517566253966,44.964363246410194,26.90413790498632,-17.0
28,1,-0.8446101152544638,-0.25078503699880006,0.47301228147623386,48.6112083853209,80.30986293200188,0.0
28,1,-0.8446101152544638,-0.25078503699880006,0.47301228147623386,63.79865828406837,84.81582424108402,-8.5
28,1,-0.8446101152544638,-0.25078503699880006,0.47301228147623386,78.96638330846136,89.32304480111819,-17.0
28,1,0.19494828319193921,0.7704159903932501,0.6070044222465788,111.64588759866854,145.10422775588972,0.0
28,1,0.19494828319193921,0.7704159903932501,0.6070044222465788,108.92077615426508,134.32335943066897,-8.5
28,1,0.19494828319193921,0.7704159903932501,0.6070044222465788,106.18609229291036,123.52766268830052,-17.0
29,1,-0.39663400278709987,-0.4261393617274431,0.8130723905161277,67.77080569666481,111.45057273341756,0.0
29,1,-0.39663400278709987,-0.4261393617274431,0.8130723905161277,71.91730720041959,115.89979951474956,-8.5
29,1,-0.39663400278709987,-0.4261393617274431,0.8130723905161277,76.06376721969413,120.360441665739,-17.0
29,1,-0.41284052650080444,-0.3444448807821259,0.8431609714529757,137.1289060972182,128.00533938776147,0.0
29,1,-0.41284052650080444,-0.3444448807821259,0.8431609714529757,141.29951074334596,131.47684815323518,-8.5
29,1,-0.41284052650080444,-0.3444448807821259,0.8431609714529757,145.4526871867144,134.9501142682133,-17.0
30,1,0.8440315951884754,0.31207519636763437,0.43614187844748437,44.66979060945947,19.19216576536356,0.0
30,1,0.8440315951884754,0.31207519636763437,0.43614187844748437,28.22019967879216,13.103955199072676,-8.5
30,1,0.8440315951884754,0.31207519636763437,0.43614187844748437,11.771007389953985,7.028054936812608,-17.0
30,0,-0.9725829618562059,-0.02347234600126462,0.23136860478510676,14.578811342083863,45.58210452824589,0.0
30,0,-0.9725829618562059,-0.02347234600126462,0.23136860478510676,50.30330101885769,46.43314864651667,-8.5
30,0,-0.9725829618562059,-0.02347234600126462,0.23136860478510676,86.0401498590683,47.30675332062101,-17.0
31,1,-0.5585709473784299,0.29498877526542455,0.7752290753139799,55.8363279561166,148.8266473134466,0.0
31,1,-0.5585709473784299,0.29498877526542455,0.7752290753139799,61.95323857339296,145.59384801827855,-8.5
31,1,-0.5585709473784299,0.29498877526542455,0.7752290753139799,68.08522927145447,142.35783830626482,-17.0
31,1,-0.8244041631450131,-0.004425751720786812,0.5659842652502599,7.588681825381694,11.920516834016388,0.0
31,1,-0.8244041631450131,-0.004425751720786812,0.5659842652502599,19.97396160537073,11.994899872970992,-8.5
31,1,-0.8244041631450131,-0.004425751720786812,0.5659842652502599,32.350625302842694,12.053448207598096,-17.0
32,0,0.877794859571149,0.08697297758951293,0.47107524418046093,60.24710603182477,54.17606434074917,0.0
32,0,0.877794859571149,0.08697297758951293,0.47107524418046093,44.422265478345736,52.617091102100446,-8.5
32,0,0.877794859571149,0.08697297758951293,0.47107524418046093,28.56955639969592,51.037418717013935,-17.0
32,0,0.8195738128539051,-0.49413314159572264,0.29005379442588547,89.41332460163451,111.48767453922513,0.0
32,0,0.8195738128539051,-0.49413314159572264,0.29005379442588547,65.40971640217262,125.97275801964928,-8.5
32,0,0.8195738128539051,-0.49413314159572264,0.29005379442588547,41.37825578219513,140.44872881267355,-17.0
33,1,0.4402314643865315,-0.8010110719093939,0.4056815505327473,45.24630134584896,126.21988250679608,0.0
33,1,0.4402314643865315,-0.8010110719093939,0.4056815505327473,36.018444223089105,142.99540036570502,-8.5
33,1,0.4402314643865315,-0.8010110719093939,0.4056815505327473,26.79849393177145,159.78608185836015,-17.0
33,1,-0.8825252547391538,0.13566904290473514,0.4502700140414694,70.47871900071206,77.59759756911149,0.0
33,1,-0.8825252547391538,0.13566904290473514,0.4502700140414694,87.12277643713514,75.03549130096197,-8.5
33,1,-0.8825252547391538,0.13566904290473514,0.4502700140414694,103.79856124095214,72.4753956034571,-17.0
34,1,0.3070156516100586,0.30594264218807304,0.901188376177496,46.68030471942538,145.9078674737942,0.0
34,1,0.3070156516100586,0.30594264218807304,0.901188376177496,43.783787382740464,143.02306573746552,-8.5
34,1,0.3070156516100586,0.30594264218807304,0.901188376177496,40.88876743740364,140.13657142391412,-17.0
34,0,0.6226139809514709,-0.5084043790634504,0.5948754643392757,109.4828168224557,71.0801242447085,0.0
34,0,0.6226139809514709,-0.5084043790634504,0.5948754643392757,100.57130441194562,78.34884120945537,-8.5
34,0,0.6226139809514709,-0.5084043790634504,0.5948754643392757,91.6901300859709,85.60900227475766,-17.0
35,1,0.4827910543949878,0.0787607713604984,0.8721866421190336,61.50479340045919,78.3225071331622,0.0
35,1,0.4827910543949878,0.0787607713604984,0.8721866421190336,56.79461167619228,77.55329433645481,-8.5
35,1,0.4827910543949878,0.0787607713604984,0.8721866421190336,52.09459752641448,76.78736225061738,-17.0
35,0,9.37536598809013e-05,-0.4921212069853477,0.8705266847406435,128.68426538614526,124.10046727233794,0.0
35,0,9.37536598809013e-05,-0.4921212069853477,0.8705266847406435,128.69766576442362,128.90495092824082,-8.5
35,0,9.37536598809013e-05,-0.4921212069853477,0.8705266847406435,128.68243485875635,133.710810816647,-17.0
36,1,0.24247621119757276,0.47320125596931195,0.846927304054094,112.45542740109678,85.58612217554905,0.0
36,1,0.24247621119757276,0.47320125596931195,0.846927304054094,110.02373864959664,80.84209997477173,-8.5
36,1,0.24247621119757276,0.47320125596931195,0.846927304054094,107.58830921268289,76.08776207644675,-17.0
36,1,-0.14209449886591358,0.051971641849700406,0.9884877853749592,146.57365068553003,59.55871977699967,0.0
36,1,-0.14209449886591358,0.051971641849700406,0.9884877853749592,147.79396438658836,59.12067550839039,-8.5
36,1,-0.14209449886591358,0.051971641849700406,0.9884877853749592,149.01738993572206,58.66491262854088,-17.0
37,1,0.9198087218722472,-0.35463113525164014,0.16789482743037715,115.96626966363114,112.0889612145424,0.0
37,1,0.9198087218722472,-0.35463113525164014,0.16789482743037715,69.40110325315332,130.04553172698988,-8.5
37,1,0.9198087218722472,-0.35463113525164014,0.16789482743037715,22.832082579662032,147.99673393403393,-17.0
37,1,-0.02718582863518802,-0.3360590975745995,0.9414484657477349,89.99219941506998,80.31821045042571,0.0
37,1,-0.02718582863518802,-0.3360590975745995,0.9414484657477349,90.2400975270292,83.34543446590168,-8.5
37,1,-0.02718582863518802,-0.3360590975745995,0.9414484657477349,90.48310198547703,86.38652303046861,-17.0
38,1,0.6709051155116066,0.6810576708357369,0.2933373058036755,41.96818203917073,45.39813617850177,0.0
38,1,0.6709051155116066,0.6810576708357369,0.2933373058036755,22.52302218249039,25.67004627305748,-8.5
38,1,0.6709051155116066,0.6810576708357369,0.2933373058036755,3.0867074075682583,5.928283223525518,-17.0
38,1,-0.6288226335663168,-0.30853153233619046,0.7137159022110997,134.8540737766949,54.411235209550775,0.0
38,1,-0.6288226335663168,-0.30853153233619046,0.7137159022110997,142.3532082363978,58.090471773311165,-8.5
38,1,-0.6288226335663168,-0.30853153233619046,0.7137159022110997,149.83199641779973,61.7601460713352,-17.0
39,1,-0.6121548691109735,0.6003422312305607,0.5146412552689873,119.54655710304937,128.82028249934163,0.0
39,1,-0.6121548691109735,0.6003422312305607,0.5146412552689873,129.65739225451955,118.90134142592096,-8.5
39,1,-0.6121548691109735,0.6003422312305607,0.5146412552689873,139.7676968891777,108.98934655262896,-17.0
39,1,-0.13387922465800667,0.9170481299824185,0.375631575484171,85.58602787272463,112.6302350755888,0.0
39,1,-0.13387922465800667,0.9170481299824185,0.375631575484171,88.60877355144628,91.87419932032168,-8.5
39,1,-0.13387922465800667,0.9170481299824185,0.375631575484171,91.64501548888909,71.12728627779597,-17.0
40,1,-0.20216936823096576,-0.4812594780182513,0.852945989712533,133.75444069640554,50.50437730489327,0.0
40,1,-0.20216936823096576,-0.4812594780182513,0.852945989712533,135.77750677163476,55.29953743379205,-8.5
40,1,-0.20216936823096576,-0.4812594780182513,0.852945989712533,137.78386188184464,60.09632249857696,-17.0
40,1,-0.6144004564921668,-0.22816908042505119,0.7552820332830668,37.45686059589855,117.03077154726998,0.0
40,1,-0.6144004564921668,-0.22816908042505119,0.7552820332830668,44.36516476131719,119.60673970181408,-8.5
40,1,-0.6144004564921668,-0.22816908042505119,0.7552820332830668,51.285876456721006,122.16643598521662,-17.0
41,1,0.6045268937789172,-0.3441664410732674,0.7183987023491726,124.89156820526424,90.9256787140344,0.0
41,1,0.6045268937789172,-0.3441664410732674,0.7183987023491726,117.73743776056584,95.00257646448055,-8.5
41,1,0.6045268937789172,-0.3441664410732674,0.7183987023491726,110.5862012644029,99.06994316495246,-17.0
41,1,-0.42943897839305684,0.6227513791989846,0.6540358427047331,42.09781754245827,91.1089782852058,0.0
41,1,-0.42943897839305684,0.6227513791989846,0.6540358427047331,47.684498288177885,83.01347504293834,-8.5
41,1,-0.42943897839305684,0.6227513791989846,0.6540358427047331,53.25999163398819,74.92213882394891,-17.0
42,1,0.02811853519339283,-0.9667262851175029,0.25426293013628753,84.58410977366673,51.75576874776107,0.0
42,1,0.02811853519339283,-0.9667262851175029,0.25426293013628753,83.64953798472028,84.07772719737162,-8.5
42,1,0.02811853519339283,-0.9667262851175029,0.25426293013628753,82.70410623072554,116.39101364715086,-17.0
42,1,-0.5272846248507906,-0.6667792869011026,0.5266652703146641,68.35113395889172,129.33785247697486,0.0
42,1,-0.5272846248507906,-0.6667792869011026,0.5266652703146641,76.86967132811394,140.10313971608423,-8.5
42,1,-0.5272846248507906,-0.6667792869011026,0.5266652703146641,85.37112331711309,150.86053092806426,-17.0
43,1,-0.03639951542841443,0.15124897046091235,0.9878253004509912,78.35120608185956,84.18777895998359,0.0
43,1,-0.03639951542841443,0.15124897046091235,0.9878253004509912,78.66121834446055,82.88690933269851,-8.5
43,1,-0.03639951542841443,0.15124897046091235,0.9878253004509912,78.9776242467333,81.58485667469324,-17.0
43,0,-0.6182398826689876,-0.03655648780796612,0.7851388862338833,79.3671640036377,106.85573176770431,0.0
43,0,-0.6182398826689876,-0.03655648780796612,0.7851388862338833,86.05123488925364,107.24328458039764,-8.5
43,0,-0.6182398826689876,-0.03655648780796612,0.7851388862338833,92.7534267456194,107.64725790522608,-17.0
44,1,-0.2118941775160206,-0.09265388109882951,0.9728905980901107,38.8704024482501,95.06511207876147,0.0
44,1,-0.2118941775160206,-0.09265388109882951,0.9728905980901107,40.73093495484326,95.87378898752092,-8.5
44,1,-0.2118941775160206,-0.09265388109882951,0.9728905980901107,42.57297674881074,96.68411846780934,-17.0
44,1,-0.1524850328641244,0.08449552518348552,0.9846871690930038,61.17756359944739,50.36943608581919,0.0
44,1,-0.1524850328641244,0.08449552518348552,0.9846871690930038,62.49508278501451,49.64928147405843,-8.5
44,1,-0.1524850328641244,0.08449552518348552,0.9846871690930038,63.81012112202815,48.91067480715,-17.0
45,1,-0.22224368908679232,0.016394978395281742,0.9748532952934568,23.832688352640364,107.38279867599366,0.0
45,1,-0.22224368908679232,0.016394978395281742,0.9748532952934568,25.77632688223904,107.23248164190724,-8.5
45,1,-0.22224368908679232,0.016394978395281742,0.9748532952934568,27.708289035893827,107.09689529395338,-17.0
45,0,-0.633510590008831,-0.4134641958814471,0.6539967057033019,90.54423286909288,48.8262831402728,0.0
45,0,-0.633510590008831,-0.4134641958814471,0.6539967057033019,98.79064177111212,54.19617941675539,-8.5
45,0,-0.633510590008831,-0.4134641958814471,0.6539967057033019,107.01171230858073,59.573878820833706,-17.0
46,1,0.7585170792098389,-0.04981445602449427,0.6497463816890083,53.68637751934949,129.19688441959232,0.0
46,1,0.7585170792098389,-0.04981445602449427,0.6497463816890083,43.76003529889193,129.8526662388631,-8.5
46,1,0.7585170792098389,-0.04981445602449427,0.6497463816890083,33.84049550080195,130.50023199877833,-17.0
46,1,0.22166432216481097,0.9016080547098917,0.37144022932560744,23.812035139919672,79.68886275826961,0.0
46,1,0.22166432216481097,0.9016080547098917,0.37144022932560744,18.74460970098332,59.04534092866369,-8.5
46,1,0.22166432216481097,0.9016080547098917,0.37144022932560744,13.666946706736724,38.424253730849045,-17.0
47,1,0.5645344811110318,0.07975615488180773,0.8215471839128703,137.36425140448776,74.9007573051271,0.0
47,1,0.5645344811110318,0.07975615488180773,0.8215471839128703,131.53171266456047,74.07484185621769,-8.5
47,1,0.5645344811110318,0.07975615488180773,0.8215471839128703,125.68253144581924,73.25038975566706,-17.0
47,1,0.7970916626256943,0.16636451667654545,0.5804892152000638,46.37600282849769,21.389968700617896,0.0
47,1,0.7970916626256943,0.16636451667654545,0.5804892152000638,34.691293693955174,18.95865393029448,-8.5
47,1,0.7970916626256943,0.16636451667654545,0.5804892152000638,23.03266655544548,16.517874764961007,-17.0
48,1,-0.5675681434464542,-0.6900277098380775,0.449141583690893,32.41728851486447,35.73155672684963,0.0
48,1,-0.5675681434464542,-0.6900277098380775,0.449141583690893,43.15803312421832,48.77820387533811,-8.5
48,1,-0.5675681434464542,-0.6900277098380775,0.449141583690893,53.89973129867147,61.84908812002538,-17.0
48,0,-0.13103754536770704,0.7396067383892205,0.660159855060322,114.90948858453936,116.4052452580264,0.0
48,0,-0.13103754536770704,0.7396067383892205,0.660159855060322,116.60777016021748,106.87648632938388,-8.5
48,0,-0.13103754536770704,0.7396067383892205,0.660159855060322,118.28387748453518,97.35938339873636,-17.0
49,1,-0.028853701358808635,-0.3937544786608348,0.9187626866892401,27.907760874282257,119.25229914097388,0.0
49,1,-0.028853701358808635,-0.3937544786608348,0.9187626866892401,28.178103877642997,122.8981868858122,-8.5
49,1,-0.028853701358808635,-0.3937544786608348,0.9187626866892401,28.441644801670787,126.53799540792916,-17.0
49,1,-0.08902494366762813,-0.722285655256336,0.6858410833537906,21.33962352325589,42.29716035547868,0.0
49,1,-0.08902494366762813,-0.722285655256336,0.6858410833537906,22.433821836479147,51.24757489197417,-8.5
49,1,-0.08902494366762813,-0.722285655256336,0.6858410833537906,23.54629136159672,60.20051487448577,-17.0
50,1,-0.002341354332565429,-0.6963479230507755,0.7177005560279027,149.88933167277466,28.78740995022205,0.0
50,1,-0.002341354332565429,-0.6963479230507755,0.7177005560279027,149.90986256802583,37.03117961685012,-8.5
50,1,-0.002341354332565429,-0.6963479230507755,0.7177005560279027,149.94478981824395,45.28163484082353,-17.0
50,1,-0.3079342964032789,-0.21018141307926577,0.9279009875491139,12.60606884418044,3.3875235167233924,0.0
50,1,-0.3079342964032789,-0.21018141307926577,0.9279009875491139,15.421365892077564,5.318894966680015,-8.5
50,1,-0.3079342964032789,-0.21018141307926577,0.9279009875491139,18.24770835764665,7.23824061657224,-17.0
51,1,-0.15709108324784085,-0.8474270916388658,0.5071387541102667,114.75567352572696,84.24285711509697,0.0
51,1,-0.15709108324784085,-0.8474270916388658,0.5071387541102667,117.38087894129212,98.44332957440122,-8.5
51,1,-0.15709108324784085,-0.8474270916388658,0.5071387541102667,120.02158508557604,112.64979745216829,-17.0
51,0,-0.9416635659828814,-0.1892527929737881,0.27830398641058746,31.22672783089165,1.3967531046319197,0.0
51,0,-0.9416635659828814,-0.1892527929737881,0.27830398641058746,59.98716674947995,7.16342311787962,-8.5
51,0,-0.9416635659828814,-0.1892527929737881,0.27830398641058746,88.74757339413446,12.957123882259332,-17.0
52,1,-0.8903704100109255,-0.34230288438673956,0.30011542499094385,85.72758813615606,149.47869119354334,0.0
52,1,-0.8903704100109255,-0.34230288438673956,0.30011542499094385,110.9484426977572,159.17546012136023,-8.5
52,1,-0.8903704100109255,-0.34230288438673956,0.30011542499094385,136.16250624268534,168.86839428831323,-17.0
52,1,0.21906412090192198,0.30265567715268005,0.9275831240491176,87.91863152666139,130.88153171146936,0.0
52,1,0.21906412090192198,0.30265567715268005,0.9275831240491176,85.90264913120582,128.10145797880827,-8.5
52,1,0.21906412090192198,0.30265567715268005,0.9275831240491176,83.90380233424649,125.33470293786954,-17.0
53,1,-0.4654158489429595,0.5288830814161565,0.7096976636177236,114.76660090152023,41.66046550765703,0.0
53,1,-0.4654158489429595,0.5288830814161565,0.7096976636177236,120.34306467922748,35.32881779656319,-8.5
53,1,-0.4654158489429595,0.5288830814161565,0.7096976636177236,125.91510804018148,28.99167314880448,-17.0
53,0,-0.7003919853260447,-0.3613101388832598,0.6155534505071036,71.78697737913866,112.01172492027383,0.0
53,0,-0.7003919853260447,-0.3613101388832598,0.6155534505071036,81.44305458634109,117.0046168917951,-8.5
53,0,-0.7003919853260447,-0.3613101388832598,0.6155534505071036,91.1299920143112,121.990181524625,-17.0
54,1,-0.7125417219697734,0.5661524219165446,0.4144342283286713,47.48918229276428,39.37568265351067,0.0
54,1,-0.7125417219697734,0.5661524219165446,0.4144342283286713,62.09951764534127,27.763737435552947,-8.5
54,1,-0.7125417219697734,0.5661524219165446,0.4144342283286713,76.71748515040822,16.15223603051336,-17.0
54,1,-0.6484242850420829,0.5812179517116636,0.4916621189147705,92.56608648767936,70.59033948571863,0.0
54,1,-0.6484242850420829,0.5812179517116636,0.4916621189147705,103.76338816461607,60.547515419957385,-8.5
54,1,-0.6484242850420829,0.5812179517116636,0.4916621189147705,114.98638209817526,50.49380649471754,-17.0
55,1,0.8708136618776381,-0.37512127505066795,0.3177539854850286,55.29878942050016,63.47227451472061,0.0
55,1,0.8708136618776381,-0.37512127505066795,0.3177539854850286,32.00239416656581,73.51082329394208,-8.5
55,1,0.8708136618776381,-0.37512127505066795,0.3177539854850286,8.709815306549586,83.54145340309428,-17.0
55,1,0.18662548642621285,0.5573664650863229,0.8090201180522993,7.590301829357647,63.48558907267585,0.0
55,1,0.18662548642621285,0.5573664650863229,0.8090201180522993,5.634753247352692,57.63252666851345,-8.5
55,1,0.18662548642621285,0.5573664650863229,0.8090201180522993,3.6687274500090714,51.77360651179388,-17.0
56,1,0.9047794122779411,-0.32993851998281915,0.2692856998608175,144.12538029756226,63.87833523844273,0.0
56,1,0.9047794122779411,-0.32993851998281915,0.2692856998608175,115.56882309250476,74.29436264660657,-8.5
56,1,0.9047794122779411,-0.32993851998281915,0.2692856998608175,87.00667705980383,84.7073464341517,-17.0
56,1,0.8136621795251336,0.3065820366266917,0.4939243995068871,54.86561915393266,92.03787046688277,0.0
56,1,0.8136621795251336,0.3065820366266917,0.4939243995068871,40.85675130846133,86.76457636177207,-8.5
56,1,0.8136621795251336,0.3065820366266917,0.4939243995068871,26.860814131634875,81.48586117640443,-17.0
57,1,-0.8795449106467548,0.4534247171097241,0.14424554089939473,26.80461304790404,112.21019610631544,0.0
57,1,-0.8795449106467548,0.4534247171097241,0.14424554089939473,78.63003012974215,85.49298539522574,-8.5
57,1,-0.8795449106467548,0.4534247171097241,0.14424554089939473,130.46302329678784,58.77200917905487,-17.0
57,1,0.731328239083734,-0.6363348147979847,0.24543229248552303,140.60658647873444,70.39318902556083,0.0
57,1,0.731328239083734,-0.6363348147979847,0.24543229248552303,115.2754967179273,92.4347770598219,-8.5
57,1,0.731328239083734,-0.6363348147979847,0.24543229248552303,89.95074217222175,114.46926257412456,-17.0
58,0,-0.5850079596319159,0.3350385699182627,0.7385897669440245,65.90344291975553,27.98922532306962,0.0
58,0,-0.5850079596319159,0.3350385699182627,0.7385897669440245,72.63588142287736,24.14519812589808,-8.5
58,0,-0.5850079596319159,0.3350385699182627,0.7385897669440245,79.36847553407301,20.27769999945206,-17.0
58,0,0.06262123568599644,-0.5629459370368767,0.8241179847660357,104.79169388986809,109.19338922711157,0.0
58,0,0.06262123568599644,-0.5629459370368767,0.8241179847660357,104.12689007224404,114.99873492967458,-8.5
58,0,0.06262123568599644,-0.5629459370368767,0.8241179847660357,103.49993670394888,120.80590240987718,-17.0
59,1,-0.33887740296924623,-0.4915992600774633,0.8021797013438509,85.07993823838076,141.68812630809853,0.0
59,1,-0.33887740296924623,-0.4915992600774633,0.8021797013438509,88.67625924246913,146.89857368297635,-8.5
59,1,-0.33887740296924623,-0.4915992600774633,0.8021797013438509,92.261515041425,152.10622492930483,-17.0
59,1,-0.5053721901309849,0.09038688249484726,0.8581545087658018,68.38641568133892,115.04579295013158,0.0
59,1,-0.5053721901309849,0.09038688249484726,0.8581545087658018,73.38356451228744,114.1466844075022,-8.5
59,1,-0.5053721901309849,0.09038688249484726,0.8581545087658018,78.39781244230268,113.25523208311448,-17.0
60,1,-0.3807385595381022,-0.7979826461095343,0.46718502307851945,6.524683976947778,120.56151536727393,0.0
60,1,-0.3807385595381022,-0.7979826461095343,0.46718502307851945,13.446995620498331,135.07261504885355,-8.5
60,1,-0.3807385595381022,-0.7979826461095343,0.46718502307851945,20.379055459559595,149.5986276832744,-17.0
60,0,-0.6039422603014859,0.25333917495779,0.7556937267528682,43.59538627953973,7.171752347343966,0.0
60,0,-0.6039422603014859,0.25333917495779,0.7556937267528682,50.39396562437212,4.304937578284135,-8.5
60,0,-0.6039422603014859,0.25333917495779,0.7556937267528682,57.181600084019294,1.472670988346179,-17.0
61,1,-0.11270462675659786,0.24803484787024144,0.9621727398703634,80.2754162881716,114.38268070159366,0.0
61,1,-0.11270462675659786,0.24803484787024144,0.9621727398703634,81.26836337356795,112.18599341873286,-8.5
61,1,-0.11270462675659786,0.24803484787024144,0.9621727398703634,82.26672074294844,110.00031585672556,-17.0
61,0,-0.08085086237481795,0.6426972794455528,0.7618420735602186,15.439336389454104,59.44969583907667,0.0
61,0,-0.08085086237481795,0.6426972794455528,0.7618420735602186,16.329861523566592,52.277192696554174,-8.5
61,0,-0.08085086237481795,0.6426972794455528,0.7618420735602186,17.243469861355926,45.10833283215842,-17.0
62,1,-0.44006108515912856,0.4713499746775731,0.764313706994727,83.91370201422187,46.00024674553686,0.0
62,1,-0.44006108515912856,0.4713499746775731,0.764313706994727,88.80732843162903,40.75644137259064,-8.5
62,1,-0.44006108515912856,0.4713499746775731,0.764313706994727,93.70161814145472,35.51639772861562,-17.0
62,1,-0.4253503036112075,-0.7671872873315705,0.4801049732867596,10.201883372724454,94.45656710818328,0.0
62,1,-0.4253503036112075,-0.7671872873315705,0.4801049732867596,17.725438209910063,108.03795074282314,-8.5
62,1,-0.4253503036112075,-0.7671872873315705,0.4801049732867596,25.26307844427015,121.62184245541722,-17.0
63,1,-0.2262911534206206,-0.29362985440695194,0.9287485248895513,81.46754643908892,35.309118269424,0.0
63,1,-0.2262911534206206,-0.29362985440695194,0.9287485248895513,83.53739172084957,37.993731167069605,-8.5
63,1,-0.2262911534206206,-0.29362985440695194,0.9287485248895513,85.60962518137411,40.683778034510446,-17.0
63,1,0.6361426857597263,0.3519148383489706,0.6866428692589911,35.296618884854674,115.81830395177298,0.0
63,1,0.6361426857597263,0.3519148383489706,0.6866428692589911,27.421889930640763,111.45702043453406,-8.5
63,1,0.6361426857597263,0.3519148383489706,0.6866428692589911,19.5469094656894,107.10554769791192,-17.0
64,1,-0.4987553131334184,-0.8136705814687095,0.29863576891182664,38.80660587994678,75.0778049260848,0.0
64,1,-0.4987553131334184,-0.8136705814687095,0.29863576891182664,53.00502939933338,98.2430459956074,-8.5
64,1,-0.4987553131334184,-0.8136705814687095,0.29863576891182664,67.19851703538276,121.39643475555232,-17.0
64,1,0.04263191839389375,-0.566689315394953,0.8228278916950106,10.134879895273473,73.37647854108057,0.0
64,1,0.04263191839389375,-0.566689315394953,0.8228278916950106,9.702185398459015,79.22521940136718,-8.5
64,1,0.04263191839389375,-0.566689315394953,0.8228278916950106,9.254086645604415,85.08453744997593,-17.0
65,1,0.5156063572803631,0.8328592918052132,0.2012348985285443,106.3361260138666,109.10475104728188,0.0
65,1,0.5156063572803631,0.8328592918052132,0.2012348985285443,84.55553735793971,73.91741586104239,-8.5
65,1,0.5156063572803631,0.8328592918052132,0.2012348985285443,62.77853190595619,38.74614093500083,-17.0
65,1,-0.11724374480609705,0.9322924349062576,0.34217644588779716,43.43692596365786,141.21894208702855,0.0
65,1,-0.11724374480609705,0.9322924349062576,0.34217644588779716,46.35594835303086,118.07311296233624,-8.5
65,1,-0.11724374480609705,0.9322924349062576,0.34217644588779716,49.26182824300234,94.9008211915952,-17.0
66,1,0.6095955050286705,-0.35279501153304055,0.7098795673114151,90.3282413891092,122.67776337831816,0.0
66,1,0.6095955050286705,-0.35279501153304055,0.7098795673114151,83.03555360380022,126.89737316600733,-8.5
66,1,0.6095955050286705,-0.35279501153304055,0.7098795673114151,75.72981848891023,131.12639948942007,-17.0
66,1,0.9423808786128662,-0.18388224954149684,0.27947378755153574,62.50202396745856,29.961668611476437,0.0
66,1,0.9423808786128662,-0.18388224954149684,0.27947378755153574,33.84051628665918,35.54723345152902,-8.5
66,1,0.9423808786128662,-0.18388224954149684,0.27947378755153574,5.178311882354316,41.14696866696911,-17.0
67,0,0.7319423854797898,0.2639899164791831,0.6281478077136533,50.00175372353988,81.12629324284467,0.0
67,0,0.7319423854797898,0.2639899164791831,0.6281478077136533,40.09383481180485,77.56499954716688,-8.5
67,0,0.7319423854797898,0.2639899164791831,0.6281478077136533,30.19268897112857,73.98175117385591,-17.0
67,0,0.4835463060337595,-0.6409353639132298,0.5961416184150554,136.68440368214846,106.2059732604827,0.0
67,0,0.4835463060337595,-0.6409353639132298,0.5961416184150554,129.78295465579927,115.33406095827254,-8.5
67,0,0.4835463060337595,-0.6409353639132298,0.5961416184150554,122.8952508817244,124.48334196862967,-17.0
68,1,0.7011678002731669,0.531244107517212,0.4755453859394804,94.60866814938136,48.79310124617326,0.0
68,1,0.7011678002731669,0.531244107517212,0.4755453859394804,82.07457140968454,39.30246177363491,-8.5
68,1,0.7011678002731669,0.531244107517212,0.4755453859394804,69.54302142862339,29.80195982459383,-17.0
68,0,-0.48175167314826206,0.31089503253959117,0.8193043415978319,120.2749042157225,23.713387034133454,0.0
68,0,-0.48175167314826206,0.31089503253959117,0.8193043415978319,125.25961616388224,20.48454219949543,-8.5
68,0,-0.48175167314826206,0.31089503253959117,0.8193043415978319,130.27091459785885,17.262528366047764,-17.0
69,1,-0.3414784770633325,-0.5740744946083562,0.7441981754497033,133.27297553738768,79.96835327995639,0.0
69,1,-0.3414784770633325,-0.5740744946083562,0.7441981754497033,137.17846678761035,86.52566428176105,-8.5
69,1,-0.3414784770633325,-0.5740744946083562,0.7441981754497033,141.07349674554942,93.08215373554954,-17.0
69,1,-0.35183585764906705,-0.5145466278554267,0.7819547921938675,107.77155680566432,83.60107010587235,0.0
69,1,-0.35183585764906705,-0.5145466278554267,0.7819547921938675,111.58977800514384,89.19653516780672,-8.5
69,1,-0.35183585764906705,-0.5145466278554267,0.7819547921938675,115.42060419105928,94.78751320365927,-17.0
70,1,-0.7571788730765653,-0.3008356592414345,0.5798086411009017,20.468336774396978,120.0934100430326,0.0
70,1,-0.7571788730765653,-0.3008356592414345,0.5798086411009017,31.572981883129657,124.5125518610914,-8.5
70,1,-0.7571788730765653,-0.3008356592414345,0.5798086411009017,42.66883403149252,128.91391466730067,-17.0
70,1,-0.21929496863383624,0.34766616695627794,0.911612830693938,44.45711125156596,43.66368917085974,0.0
70,1,-0.21929496863383624,0.34766616695627794,0.911612830693938,46.497894990947714,40.43052298727576,-8.5
70,1,-0.21929496863383624,0.34766616695627794,0.911612830693938,48.54658142501803,37.18031979104111,-17.0
71,1,-0.03694439294304218,-0.607871826162963,0.7931752358636613,65.91903846373641,82.58069518106203,0.0
71,1,-0.03694439294304218,-0.607871826162963,0.7931752358636613,66.31701406950191,89.09359365455201,-8.5
71,1,-0.03694439294304218,-0.607871826162963,0.7931752358636613,66.71086191597442,95.60911630520005,-17.0
71,1,-0.6440832655524592,-0.5179150630522334,0.5629571338022831,20.671161752444483,118.73113856993034,0.0
71,1,-0.6440832655524592,-0.5179150630522334,0.5629571338022831,30.396637279554454,126.54632476584628,-8.5
71,1,-0.6440832655524592,-0.5179150630522334,0.5629571338022831,40.12098286002006,134.37097204556946,-17.0
72,1,-0.9291455649898273,0.16739711092182893,0.32964636554155985,90.93007606000732,126.52617148210015,0.0
72,1,-0.9291455649898273,0.16739711092182893,0.32964636554155985,114.88769454356218,122.20685238732864,-8.5
72,1,-0.9291455649898273,0.16739711092182893,0.32964636554155985,138.84649879559248,117.89343293383465,-17.0
72,1,0.46791307293359796,0.6516022452133262,0.597052652796041,122.28822635921864,62.87251424399738,0.0
72,1,0.46791307293359796,0.6516022452133262,0.597052652796041,115.63242625835942,53.592588762321206,-8.5
72,1,0.46791307293359796,0.6516022452133262,0.597052652796041,108.96524366481732,44.31931267473119,-17.0
73,1,-0.5918998505361006,-0.05746191594760944,0.803960630348882,103.06496570908392,47.94081573236878,0.0
73,1,-0.5918998505361006,-0.05746191594760944,0.803960630348882,109.32485820335228,48.549948651752025,-8.5
73,1,-0.5918998505361006,-0.05746191594760944,0.803960630348882,115.58087377403056,49.1558658644049,-17.0
73,1,0.820117645058355,-0.4330152032074356,0.37403861038021363,98.80541983232044,64.54646446077683,0.0
73,1,0.820117645058355,-0.4330152032074356,0.37403861038021363,80.17049141221226,74.39719712582652,-8.5
73,1,0.820117645058355,-0.4330152032074356,0.37403861038021363,61.53119293417276,84.22694111027144,-17.0
74,1,-0.5478681015164178,0.7135522565955588,0.4366734711980819,112.58018158389524,57.40951227104247,0.0
74,1,-0.5478681015164178,0.7135522565955588,0.4366734711980819,123.24534129546818,43.523053439181886,-8.5
74,1,-0.5478681015164178,0.7135522565955588,0.4366734711980819,133.90906542841657,29.630430007160747,-17.0
74,1,-0.8065831890592775,-0.26975738389785864,0.525979574660033,110.778380962209,121.82420267008726,0.0
74,1,-0.8065831890592775,-0.26975738389785864,0.525979574660033,123.8080670376118,126.18064005242653,-8.5
74,1,-0.8065831890592775,-0.26975738389785864,0.525979574660033,136.8476702640673,130.54293518900684,-17.0
75,0,0.051837011738738475,0.24805608650678368,0.9673577942834477,75.83930487115045,16.08404494064395,0.0
75,0,0.051837011738738475,0.24805608650678368,0.9673577942834477,75.38783740053967,13.894162390581364,-8.5
75,0,0.051837011738738475,0.24805608650678368,0.9673577942834477,74.92833904919216,11.724797787062007,-17.0
75,0,0.9313539325179683,0.3462821511310291,0.11255453874181658,146.48317191504552,132.07248970735773,0.0
75,0,0.9313539325179683,0.3462821511310291,0.11255453874181658,76.13895610503371,105.93011694993034,-8.5
75,0,0.9313539325179683,0.3462821511310291,0.11255453874181658,5.813439923705221,79.77076395119708,-17.0
76,1,0.7752244132899897,-0.12581522746556303,0.6190295934581641,92.79099441948526,72.45626509621641,0.0
76,1,0.7752244132899897,-0.12581522746556303,0.6190295934581641,82.14938832394415,74.19267271724496,-8.5
76,1,0.7752244132899897,-0.12581522746556303,0.6190295934581641,71.50151966552356,75.91144597741207,-17.0
76,0,0.05506863179410826,-0.2986746087269518,0.952764883848123,53.16017410489026,4.502270109479311,0.0
76,0,0.05506863179410826,-0.2986746087269518,0.952764883848123,52.66555084106266,7.178345015032805,-8.5
76,0,0.05506863179410826,-0.2986746087269518,0.952764883848123,52.17759603253133,9.831460429151392,-17.0
77,1,-0.4714612137453699,0.3872788929943827,0.7923000586739775,117.08386619334247,90.1656768287288,0.0
77,1,-0.4714612137453699,0.3872788929943827,0.7923000586739775,122.13639213759308,86.01247202461937,-8.5
77,1,-0.4714612137453699,0.3872788929943827,0.7923000586739775,127.19978085605985,81.85602084177452,-17.0
77,1,-0.45598949670068045,0.7031734486139037,0.5455462217476076,59.13606313938668,107.33865768172991,0.0
77,1,-0.45598949670068045,0.7031734486139037,0.5455462217476076,66.2497148704186,96.37982532387409,-8.5
77,1,-0.45598949670068045,0.7031734486139037,0.5455462217476076,73.34534521952791,85.4267687600703,-17.0
78,1,-0.00573890866214479,-0.9215406888343523,0.38823938974565075,92.49530150020831,75.9736151363252,0.0
78,1,-0.00573890866214479,-0.9215406888343523,0.38823938974565075,92.6237169997556,96.15706301694507,-8.5
78,1,-0.00573890866214479,-0.9215406888343523,0.38823938974565075,92.74659290141906,116.32549984674434,-17.0
78,1,-0.852006959355922,0.04981593432617689,0.5211549806883616,28.47883750130528,24.863802581107446,0.0
78,1,-0.852006959355922,0.04981593432617689,0.5211549806883616,42.3636165933716,24.052617350979983,-8.5
78,1,-0.852006959355922,0.04981593432617689,0.5211549806883616,56.27117658502535,23.23881454004555,-17.0
79,1,0.04317065338904426,-0.005808597062981815,0.999050826978349,107.58405880681936,29.579663287491417,0.0
79,1,0.04317065338904426,-0.005808597062981815,0.999050826978349,107.21640563934632,29.63436821920709,-8.5
79,1,0.04317065338904426,-0.005808597062981815,0.999050826978349,106.84946043952776,29.678503234750703,-17.0
79,1,0.9361667066626315,0.3010556081364972,0.1815417807172952,118.8624160808532,35.029858595294215,0.0
79,1,0.9361667066626315,0.3010556081364972,0.1815417807172952,75.02015935351886,20.93637540945745,-8.5
79,1,0.9361667066626315,0.3010556081364972,0.1815417807172952,31.19756155462232,6.838301981759337,-17.0
80,1,-0.7298647128967141,-0.056900887050861625,0.681219340536528,89.64241702580017,113.25499603255592,0.0
80,1,-0.7298647128967141,-0.056900887050861625,0.681219340536528,98.75505698210443,113.95637826833664,-8.5
80,1,-0.7298647128967141,-0.056900887050861625,0.681219340536528,107.8563734276287,114.67497365702184,-17.0
80,0,-0.12086904155455447,-0.6891804215674333,0.7144375559290107,45.20097074173923,82.7101174708783,0.0
80,0,-0.12086904155455447,-0.6891804215674333,0.7144375559290107,46.6275835426453,90.91855939697146,-8.5
80,0,-0.12086904155455447,-0.6891804215674333,0.7144375559290107,48.07704560017208,99.10912303674384,-17.0
81,1,-0.3908122496645118,-0.8532663104636726,0.3452569897045895,96.6988400102822,72.63554805599833,0.0
81,1,-0.3908122496645118,-0.8532663104636726,0.3452569897045895,106.32136751961508,93.64559771990191,-8.5
81,1,-0.3908122496645118,-0.8532663104636726,0.3452569897045895,115.94192100125476,114.64925847318086,-17.0
81,1,0.06351986854360969,-0.8895893255371029,0.4523229578416786,128.43259047740415,63.20540601274887,0.0
81,1,0.06351986854360969,-0.8895893255371029,0.4523229578416786,127.2360717206421,79.91638780903978,-8.5
81,1,0.06351986854360969,-0.8895893255371029,0.4523229578416786,126.04527410026688,96.6395215328026,-17.0
82,1,0.7203013323176626,-0.4684467191970364,0.5115893489263954,113.07416144215216,46.64556400850438,0.0
82,1,0.7203013323176626,-0.4684467191970364,0.5115893489263954,101.10227875972907,54.42626344293746,-8.5
82,1,0.7203013323176626,-0.4684467191970364,0.5115893489263954,89.13870907357028,62.21194422435524,-17.0
82,1,-0.7296767424893351,-0.6235399821367638,0.2806594772086575,10.733130259886526,86.78543638648235,0.0
82,1,-0.7296767424893351,-0.6235399821367638,0.2806594772086575,32.82968341900233,105.67539451592944,-8.5
82,1,-0.7296767424893351,-0.6235399821367638,0.2806594772086575,54.93083479123544,124.55426479309943,-17.0
83,1,0.5092946649048385,-0.386226797285328,0.7690564383438881,55.990625428418674,14.870822196108582,0.0
83,1,0.5092946649048385,-0.386226797285328,0.7690564383438881,50.36331217427254,19.140531965830245,-8.5
83,1,0.5092946649048385,-0.386226797285328,0.7690564383438881,44.73266198916132,23.408369309282268,-17.0
83,0,-0.39384749911538197,-0.8958054503470007,0.20595325335902448,16.786182828496198,4.173890394862876,0.0
83,0,-0.39384749911538197,-0.8958054503470007,0.20595325335902448,33.05401858709817,41.145528571091575,-8.5
83,0,-0.39384749911538197,-0.8958054503470007,0.20595325335902448,49.29553693247833,78.11636229131206,-17.0
84,1,0.8378291073543042,-0.22366227509824493,0.49801362789362197,130.29822877219655,57.06795156450191,0.0
84,1,0.8378291073543042,-0.22366227509824493,0.49801362789362197,115.9949816373992,60.887162059491615,-8.5
84,1,0.8378291073543042,-0.22366227509824493,0.49801362789362197,101.69841981277756,64.70279999537145,-17.0
84,1,-0.4704877268695248,-0.8699107708279367,0.14797482780085472,69.89181202256894,70.93135485982192,0.0
84,1,-0.4704877268695248,-0.8699107708279367,0.14797482780085472,96.91487546723968,120.88785210333636,-8.5
84,1,-0.4704877268695248,-0.8699107708279367,0.14797482780085472,123.94351402383398,170.870533964058,-17.0
85,1,0.04722150381518514,-0.4607964408945793,0.8862487064229325,85.74823249678752,48.87922533726147,0.0
85,1,0.04722150381518514,-0.4607964408945793,0.8862487064229325,85.29229807657536,53.30516488968725,-8.5
85,1,0.04722150381518514,-0.4607964408945793,0.8862487064229325,84.84243147615342,57.71820947513308,-17.0
85,0,0.3860791308979797,-0.26241482341917954,0.8843536425745876,111.10177449064464,112.03968122034988,0.0
85,0,0.3860791308979797,-0.26241482341917954,0.8843536425745876,107.38521436137654,114.54834809314006,-8.5
85,0,0.3860791308979797,-0.26241482341917954,0.8843536425745876,103.68014429652452,117.08410086613088,-17.0
86,1,0.25605858540214205,-0.9525751860686471,0.164421761723126,135.17328838235466,63.718447145364166,0.0
86,1,0.25605858540214205,-0.9525751860686471,0.164421761723126,121.93354512104813,112.9577638510114,-8.5
86,1,0.25605858540214205,-0.9525751860686471,0.164421761723126,108.6987151305421,162.20771002330915,-17.0
86,1,-0.20146892510063466,-0.9083077226240024,0.36658880675818967,140.1919146112327,50.45103169874765,0.0
86,1,-0.20146892510063466,-0.9083077226240024,0.36658880675818967,144.87316506771018,71.50878008649504,-8.5
86,1,-0.20146892510063466,-0.9083077226240024,0.36658880675818967,149.53473069198336,92.57242487374094,-17.0
87,1,0.01336210998162223,-0.42056360057201775,0.9071646553359206,139.38927943902306,73.63739626167087,0.0
87,1,0.01336210998162223,-0.42056360057201775,0.9071646553359206,139.26390386153273,77.57850105082996,-8.5
87,1,0.01336210998162223,-0.42056360057201775,0.9071646553359206,139.13887741329938,81.51863497748829,-17.0
87,1,0.9428308632904986,0.16694579534460352,0.2884424806502171,136.53252118382773,133.95491954129128,0.0
87,1,0.9428308632904986,0.16694579534460352,0.2884424806502171,108.75782120925224,129.0337427471962,-8.5
87,1,0.9428308632904986,0.16694579534460352,0.2884424806502171,80.96468619536117,124.11559699108008,-17.0
88,1,-0.12774429581367103,-0.06905113289092416,0.9894004931945148,19.046914560312278,77.04923253817775,0.0
88,1,-0.12774429581367103,-0.06905113289092416,0.9894004931945148,20.14943101470358,77.64069556624074,-8.5
88,1,-0.12774429581367103,-0.06905113289092416,0.9894004931945148,21.241832432373272,78.2356776007028,-17.0
88,0,0.31687543828495607,-0.4245721605679583,0.8481323228614583,103.869056341141,76.6211624072574,0.0
88,0,0.31687543828495607,-0.4245721605679583,0.8481323228614583,100.69684342349323,80.89113061156694,-8.5
88,0,0.31687543828495607,-0.4245721605679583,0.8481323228614583,97.5175904903342,85.13129951093126,-17.0
89,1,0.5174067182647674,-0.284302539179082,0.8071321788349232,116.15664515471484,124.57275642824092,0.0
89,1,0.5174067182647674,-0.284302539179082,0.8071321788349232,110.70859196803032,127.56699656375274,-8.5
89,1,0.5174067182647674,-0.284302539179082,0.8071321788349232,105.2589081716512,130.5608006380875,-17.0
89,1,-0.8235737279064338,-0.19954864834633804,0.5309488220586321,1.6162366134813826,85.22442607552836,0.0
89,1,-0.8235737279064338,-0.19954864834633804,0.5309488220586321,14.799189582692769,88.42037568816087,-8.5
89,1,-0.8235737279064338,-0.19954864834633804,0.5309488220586321,27.98554519886796,91.6136050602553,-17.0
90,1,-0.5865379140073165,0.7967396796377975,0.14553060957271413,13.081868785806098,110.01243167208251,0.0
90,1,-0.5865379140073165,0.7967396796377975,0.14553060957271413,47.33943710068978,63.476727850917264,-8.5
90,1,-0.5865379140073165,0.7967396796377975,0.14553060957271413,81.59765778401056,16.942151863810405,-17.0
90,1,-0.8988322822265671,0.36382054866686964,0.24440772654545712,16.0377763717239,75.20971499567804,0.0
90,1,-0.8988322822265671,0.36382054866686964,0.24440772654545712,47.2941435128951,62.56405650805862,-8.5
90,1,-0.8988322822265671,0.36382054866686964,0.24440772654545712,78.55686663081731,49.90384914927432,-17.0
91,1,0.7753918380709448,-0.4665902680643178,0.4255126545716707,87.75587118016652,2.897167361640623,0.0
91,1,0.7753918380709448,-0.4665902680643178,0.4255126545716707,72.26284349531943,12.22195096221273,-8.5
91,1,0.7753918380709448,-0.4665902680643178,0.4255126545716707,56.777565759972106,21.538291600057565,-17.0
91,1,-0.38447647113652905,0.7215218854542238,0.575833319592557,31.438582428132264,23.03349994436133,0.0
91,1,-0.38447647113652905,0.7215218854542238,0.575833319592557,37.10618827680935,12.376001560783868,-8.5
91,1,-0.38447647113652905,0.7215218854542238,0.575833319592557,42.78926360382186,1.7324198140627862,-17.0
92,1,-0.25422025166885504,-0.2075964339284231,0.9446035063780073,64.48200748893449,10.330059515315916,0.0
92,1,-0.25422025166885504,-0.2075964339284231,0.9446035063780073,66.77438499093533,12.198367376264365,-8.5
92,1,-0.25422025166885504,-0.2075964339284231,0.9446035063780073,69.05720102239923,14.06616607257458,-17.0
92,1,-0.6652818643983124,0.42378909110017116,0.6146566904925029,17.83650308081387,134.98351113382864,0.0
92,1,-0.6652818643983124,0.42378909110017116,0.6146566904925029,27.034617273597515,129.1155169751769,-8.5
92,1,-0.6652818643983124,0.42378909110017116,0.6146566904925029,36.23667992457485,123.26247360289702,-17.0
93,1,-0.4525939853629178,0.8240718595977532,0.34068204330785035,30.84963922344749,148.14050920405182,0.0
93,1,-0.4525939853629178,0.8240718595977532,0.34068204330785035,42.14640543756095,127.5774274006866,-8.5
93,1,-0.4525939853629178,0.8240718595977532,0.34068204330785035,53.434033468976885,107.0194058389047,-17.0
93,1,-0.9686501406182405,-0.20546488558865922,0.13964628842293678,7.089539660863486,51.75104476235681,0.0
93,1,-0.9686501406182405,-0.20546488558865922,0.13964628842293678,66.05127059183626,64.25301215429316,-8.5
93,1,-0.9686501406182405,-0.20546488558865922,0.13964628842293678,125.00926795315758,76.76354670948619,-17.0
94,1,0.9597919390721596,0.11091160476829064,0.25787215751186904,95.47786836033178,99.61972784262554,0.0
94,1,0.9597919390721596,0.11091160476829064,0.25787215751186904,63.844059603821705,95.96689427097648,-8.5
94,1,0.9597919390721596,0.11091160476829064,0.25787215751186904,32.204411179673244,92.30797596746572,-17.0
94,1,0.6412959704936028,-0.03136965638646567,0.7666520872513577,36.40177559379298,77.04756997664357,0.0
94,1,0.6412959704936028,-0.03136965638646567,0.7666520872513577,29.301330473299537,77.39876312453428,-8.5
94,1,0.6412959704936028,-0.03136965638646567,0.7666520872513577,22.181467659247087,77.7431724857126,-17.0
95,1,0.2636547165123228,-0.2868619421977791,0.920975795870513,20.50448232208147,4.623237882941017,0.0
95,1,0.2636547165123228,-0.2868619421977791,0.920975795870513,18.072853284742347,7.265166104552008,-8.5
95,1,0.2636547165123228,-0.2868619421977791,0.920975795870513,15.637763823293652,9.918330616525964,-17.0
95,0,-0.25448997475075025,0.8674450815550845,0.42752062317185996,45.64523508889158,56.7961903110557,0.0
95,0,-0.25448997475075025,0.8674450815550845,0.42752062317185996,50.695301584701255,39.54347663832217,-8.5
95,0,-0.25448997475075025,0.8674450815550845,0.42752062317185996,55.76481699653708,22.302962754591213,-17.0
96,1,-0.14021455350293147,-0.03892032054140695,0.9893558953354085,102.72494478650016,58.78930820570905,0.0
96,1,-0.14021455350293147,-0.03892032054140695,0.9893558953354085,103.93509861878594,59.12327662418247,-8.5
96,1,-0.14021455350293147,-0.03892032054140695,0.9893558953354085,105.13423663085516,59.45807207150234,-17.0
96,1,0.9541694086507926,-0.10687937603438417,0.27953092596973494,140.28262515860408,147.74059114462736,0.0
96,1,0.9541694086507926,-0.10687937603438417,0.27953092596973494,111.2693569975724,150.98146588948197,-8.5
96,1,0.9541694086507926,-0.10687937603438417,0.27953092596973494,82.25369732070905,154.24058490378587,-17.0
97,1,-0.19716785350999824,-0.9387533704783149,0.2826074078255266,56.35638195855344,49.37435505313866,0.0
97,1,-0.19716785350999824,-0.9387533704783149,0.2826074078255266,62.28380004097155,77.60609081946731,-8.5
97,1,-0.19716785350999824,-0.9387533704783149,0.2826074078255266,68.21684051024715,105.84423795310852,-17.0
97,1,0.8651851946405303,0.1679425794721372,0.47249324754442,54.68729968441243,117.07679839173132,0.0
97,1,0.8651851946405303,0.1679425794721372,0.47249324754442,39.11842775522877,114.05236762010296,-8.5
97,1,0.8651851946405303,0.1679425794721372,0.47249324754442,23.55849934634648,111.03433404098398,-17.0
98,1,-0.7051618971924958,0.6536519749212578,0.27474678238228645,77.49859993563915,79.49970840215087,0.0
98,1,-0.7051618971924958,0.6536519749212578,0.27474678238228645,99.31677904842265,59.28114843593357,-8.5
98,1,-0.7051618971924958,0.6536519749212578,0.27474678238228645,121.13060232331348,39.054890614015534,-17.0
98,1,0.6232097663717933,0.5116251813632762,0.5914805667930347,63.90867128726739,28.84292336141978,0.0
98,1,0.6232097663717933,0.5116251813632762,0.5914805667930347,54.94638106119611,21.493435184503163,-8.5
98,1,0.6232097663717933,0.5116251813632762,0.5914805667930347,45.99672928876598,14.138081363811397,-17.0
99,1,0.507607092829873,-0.5442092763595396,0.6679605548481369,98.81187378351795,14.22918400900424,0.0
99,1,0.507607092829873,-0.5442092763595396,0.6679605548481369,92.35244777849688,21.152240031130383,-8.5
99,1,0.507607092829873,-0.5442092763595396,0.6679605548481369,85.89296635056311,28.07963900982132,-17.0
99,1,-0.9549035225292882,-0.07842269518717687,0.2863723861351446,46.96353922490034,115.039310996332,0.0
99,1,-0.9549035225292882,-0.07842269518717687,0.2863723861351446,75.30054069503464,117.36763775855292,-8.5
99,1,-0.9549035225292882,-0.07842269518717687,0.2863723861351446,103.64972980313496,119.69473835415684,-17.0
