event,x_pos,y_pos,z_pos,trk_index
0,46.5180447599823,0.9369232532335846,0.0,1
0,41.96147359639865,57.474580107892834,-8.5,1
0,37.39582578237015,114.017760757616,-17.0,1
0,123.70445699999179,80.42532219953796,0.0,2
0,119.67576697719177,81.98745641490585,-8.5,2
0,115.63419614409612,83.55052761851057,-17.0,2
0,63.487345790539905,74.38428513463846,0.0,3
0,47.28996408885299,50.42374426081352,-8.5,3
0,31.097904287934817,26.462965799975283,-17.0,3
0,116.56870658304562,147.97647376693567,0.0,4
0,103.0990858587842,119.43098106200274,-8.5,4
0,89.62029538278142,90.90264666260983,-17.0,4
0,43.61625232066272,13.865228198816457,0.0,5
0,34.61395377581969,11.908914690303824,-8.5,5
0,25.603099666242827,9.939523769669574,-17.0,5
0,24.408792612140346,135.0990823317511,0.0,6
0,23.91511376912466,125.92890260528611,-8.5,6
0,23.40685618538176,116.76368875417782,-17.0,6
0,17.602586040102807,38.91971162112332,0.0,7
0,9.348013710342265,51.55584603540126,-8.5,7
0,1.0943968401982433,64.19442943141541,-17.0,7
1,68.3043212359376,108.95265702819539,0.0,1
1,69.49569456840361,108.24782410255413,-8.5,1
1,70.68969239177234,107.52947509311282,-17.0,1
1,108.41375126164347,87.31042347851547,0.0,2
1,112.49432019148595,87.82565348486357,-8.5,2
1,116.5856293585389,88.36400030758696,-17.0,2
1,108.4018928418437,53.19714486443087,0.0,3
1,112.40467754371612,56.99135183867722,-8.5,3
1,116.3760151184565,60.782221290638546,-17.0,3
1,69.7893278637108,2.0001241072021907,0.0,4
1,75.19999494479929,5.814747469169564,-8.5,4
1,80.58501772506065,9.650266124883894,-17.0,4
1,1.7528431253673666,124.54872400452732,0.0,5
1,7.674957001732305,123.99123972003223,-8.5,5
1,13.601602920905124,123.43025700479981,-17.0,5
1,31.23411238401082,119.84501252266662,0.0,6
1,25.82438465175936,122.80792870041817,-8.5,6
1,20.41358430856483,125.77037628737672,-17.0,6
1,122.18715209526148,115.6712913187456,0.0,7
1,129.73338529055414,118.125535057868,-8.5,7
1,137.26955839811694,120.56376797390713,-17.0,7
2,113.26303146061326,105.13471086298296,0.0,1
2,111.70688188913991,107.91090978960679,-8.5,1
2,110.14683178626171,110.67982894632065,-17.0,1
2,127.26744706433875,90.57617634696041,0.0,2
2,134.51624543243292,88.89505143786697,-8.5,2
2,141.74999849049365,87.20627404460801,-17.0,2
2,71.59940187429231,134.65185611606395,0.0,3
2,70.14339462066745,116.40800906995784,-8.5,3
2,68.69399558174172,98.16467904781653,-17.0,3
2,91.97039347016907,87.97251616514798,0.0,4
2,84.90582887856173,89.48077100419823,-8.5,4
2,77.84648792251978,91.00026598454447,-17.0,4
2,12.00924035912111,6.559967036547994,0.0,5
2,16.18175352090783,9.494263044939402,-8.5,5
2,20.361559689424602,12.427219567718957,-17.0,5
2,120.0210256600043,64.25596446005261,0.0,6
2,106.02853817744095,90.34359858764049,-8.5,6
2,92.03483960662855,116.426445105383,-17.0,6
2,5.423172553646294,106.27339937403241,0.0,7
2,19.46035571184465,110.72236295388618,-8.5,7
2,33.492195260720905,115.18004253938459,-17.0,7
3,135.0289452462625,19.55884915553957,0.0,1
3,119.46903298243306,45.31580477524356,-8.5,1
3,103.91935183496427,71.06804659172765,-17.0,1
3,102.04600312802688,89.10743683984649,0.0,2
3,102.51330176006621,84.71499698165587,-8.5,2
3,102.9762153134799,80.32014702821633,-17.0,2
3,1.3843451474431023,37.842331444158184,0.0,3
3,1.3832956637371425,39.622052399057814,-8.5,3
3,1.3844747048761175,41.393485315869015,-17.0,3
3,64.87497816505959,17.7027138279907,0.0,4
3,68.85885051307302,13.26813003713343,-8.5,4
3,72.85028076135174,8.814190683914118,-17.0,4
3,58.60354430915471,132.857296627156,0.0,5
3,54.107704972802175,130.42835892956865,-8.5,5
3,49.63572107067804,127.98504145810362,-17.0,5
3,44.65961985388956,18.865643270447144,0.0,6
3,34.06756919561772,15.775029750457497,-8.5,6
3,23.45960678681255,12.67641452383982,-17.0,6
3,72.61257876852551,120.26588681919175,0.0,7
3,50.33160408726295,108.9814865154252,-8.5,7
3,28.049904163392394,97.69323157165135,-17.0,7
4,90.92731108669835,144.27764888332223,0.0,1
4,83.61177464216856,159.11862159615194,-8.5,1
4,76.2895091823615,173.9532150802339,-17.0,1
4,95.88690261048458,90.51231545670738,0.0,2
4,102.2862020330526,73.17297299111678,-8.5,2
4,108.66768926891093,55.828280300283645,-17.0,2
4,84.10862302361517,3.2566747367455977,0.0,3
4,69.91856658151184,5.736017109278949,-8.5,3
4,55.73847931359116,8.229803843239647,-17.0,3
4,76.82886985152578,96.27509660134243,0.0,4
4,79.95150333225233,97.54207661827708,-8.5,4
4,83.08741599727865,98.8377486939006,-17.0,4
4,95.91688806374418,52.729608987237825,0.0,5
4,93.38619356131342,56.9827033436021,-8.5,5
4,90.84279626967829,61.22830082312209,-17.0,5
4,116.6527138645775,64.06469143503347,0.0,6
4,115.17002603695536,117.49280686241613,-8.5,6
4,113.66796948447713,170.91085856654308,-17.0,6
4,29.70882916684158,108.57668903124421,0.0,7
4,27.250734611883956,109.03244552503597,-8.5,7
4,24.795718626455773,109.4909591224023,-17.0,7
5,92.81994831373176,47.2198241756694,0.0,1
5,94.2169103736917,42.12492319924881,-8.5,1
5,95.6035570569088,37.05614373217991,-17.0,1
5,83.62552784096091,14.597840239303942,0.0,2
5,86.94404512182814,10.288691953841209,-8.5,2
5,90.25286744061536,6.0088013990982505,-17.0,2
5,15.933484522510614,123.05908248469318,0.0,3
5,18.73452593804256,124.489175188453,-8.5,3
5,21.533577054794197,125.9201369430737,-17.0,3
5,108.02171013528437,64.55374005594886,0.0,4
5,107.72862820120368,73.20448818972132,-8.5,4
5,107.45551708843035,81.854337041566,-17.0,4
5,75.75977641473398,36.45815698149342,0.0,5
5,57.07993562607737,28.439420840284352,-8.5,5
5,38.40635280440351,20.416946121572742,-17.0,5
5,130.63239250822818,121.29868325605794,0.0,6
5,130.08150760466103,123.40112546153122,-8.5,6
5,129.52503335981177,125.50880197900463,-17.0,6
5,36.89993278982514,147.14324953660105,0.0,7
5,26.34168464761146,152.8657081102709,-8.5,7
5,15.776853795978631,158.57387741552944,-17.0,7
6,62.355820115155275,59.40122358599939,0.0,1
6,60.63848436020739,64.81426643356112,-8.5,1
6,58.91074030177455,70.22095202931919,-17.0,1
6,67.93401930664388,4.480176491096549,0.0,2
6,70.78751781348424,6.703362341349313,-8.5,2
6,73.66595996354341,8.900545709350077,-17.0,2
6,127.37232303256975,60.76989108972063,0.0,3
6,124.9508588398732,55.70596519228071,-8.5,3
6,122.54885868877717,50.64024903539445,-17.0,3
6,45.283379670124916,5.1887294278276075,0.0,4
6,45.07031651951645,11.771849406809315,-8.5,4
6,44.847416812461454,18.353011732505344,-17.0,4
6,133.52226538259904,54.9203802442443,0.0,5
6,119.12711463785028,49.32001187988508,-8.5,5
6,104.73912447617853,43.701801822755414,-17.0,5
6,43.99416417621178,89.99921396656835,0.0,6
6,40.759370967284376,80.88840353220726,-8.5,6
6,37.54471157392945,71.76169436538487,-17.0,6
6,10.783394080409796,88.58732661313304,0.0,7
6,12.484386527389976,82.74996924804455,-8.5,7
6,14.20010586333988,76.91989720507631,-17.0,7
7,53.60459996510815,126.76854810406388,0.0,1
7,81.11035449401878,133.53288718847796,-8.5,1
7,108.62361797556778,140.29460093410665,-17.0,1
7,136.71831818364222,50.75656268675341,0.0,2
7,135.38452116391363,72.56854339551938,-8.5,2
7,134.00553089812928,94.3622649303177,-17.0,2
7,34.641546782731794,82.54275366639011,0.0,3
7,41.51107801466809,50.08595257005786,-8.5,3
7,48.364817780474205,17.638521063530092,-17.0,3
7,90.36761884423842,16.236251866500606,0.0,4
7,120.07480753581162,13.267776466836418,-8.5,4
7,149.7951406622593,10.299412001277293,-17.0,4
7,50.64513397268719,84.13213238712049,0.0,5
7,57.75580042387318,83.39291412639884,-8.5,5
7,64.85660469761541,82.6435952146495,-17.0,5
7,68.15817673465273,58.055190431934676,0.0,6
7,80.42025348520622,42.852388665994816,-8.5,6
7,92.68389639478191,27.657897879022435,-17.0,6
7,130.32889554654653,60.55732870570112,0.0,7
7,129.69889424214654,55.80814425819416,-8.5,7
7,129.07382511087195,51.047371825150904,-17.0,7
8,9.425016486613798,72.29272986195569,0.0,1
8,34.5824206744161,88.90390679565844,-8.5,1
8,59.72485232614144,105.49671995811087,-17.0,1
8,102.67851661261489,90.97299292627183,0.0,2
8,101.309980698277,86.93229963663461,-8.5,2
8,99.93284094876611,82.87797385455174,-17.0,2
8,21.486178658690868,117.87461016732732,0.0,3
8,32.735418976966876,124.36393403334637,-8.5,3
8,43.98584980245037,130.85010638999097,-17.0,3
8,126.4399534074118,110.67641855978475,0.0,4
8,114.06827213218506,140.9204777349075,-8.5,4
8,101.67624543974937,171.15507423414823,-17.0,4
8,64.5563567234362,26.638761462378405,0.0,5
8,55.13819896872315,44.8521824717027,-8.5,5
8,45.72039227799103,63.072012090243405,-17.0,5
8,101.13407570189534,2.488719538598489,0.0,6
8,97.90207510477371,7.768185158844923,-8.5,6
8,94.67002000780738,13.043435984776595,-17.0,6
8,148.18367973301193,92.80918641848199,0.0,7
8,135.24545191385292,86.50854472415855,-8.5,7
8,122.31063651024482,80.24449674741705,-17.0,7
9,58.41720070732245,5.001997786553576,0.0,1
9,69.75402732181212,25.31315881762206,-8.5,1
9,81.11125812192601,45.6217139280445,-17.0,1
9,12.472157091300145,48.180628351438365,0.0,2
9,9.57695904192185,53.64150032517079,-8.5,2
9,6.658005796200082,59.09816822326372,-17.0,2
9,55.29499730451807,122.70575482240645,0.0,3
9,40.360083174290466,121.75522956665537,-8.5,3
9,25.40526423184031,120.79425101742149,-17.0,3
9,116.01675028024657,39.32971842125889,0.0,4
9,110.14365129026979,27.21912133891061,-8.5,4
9,104.28478516404336,15.115716527478789,-17.0,4
9,48.85925730715623,3.193677160204536,0.0,5
9,48.460171308868546,24.05454851222008,-8.5,5
9,48.07425111788844,44.9319203157837,-17.0,5
9,142.2006767347884,50.195555307962294,0.0,6
9,128.62166418407736,47.74921504489362,-8.5,6
9,115.0347473819807,45.29627725641705,-17.0,6
9,10.027227509447796,121.00695684946953,0.0,7
9,14.758537094735518,116.99138514034978,-8.5,7
9,19.485109241327066,112.96249818313102,-17.0,7
10,130.64489984844369,48.03621688814518,0.0,1
10,127.47927228681226,42.580309395616865,-8.5,1
10,124.29293194370119,37.15491092990126,-17.0,1
10,94.91890890318875,49.04217832384884,0.0,2
10,92.79871566352206,45.226960175903855,-8.5,2
10,90.68794708771715,41.4071017942499,-17.0,2
10,56.102220446897576,16.568685230480384,0.0,3
10,65.96078913554379,20.33790291604695,-8.5,3
10,75.81552741045228,24.108650699250223,-17.0,3
10,0.09255592627959301,62.256943204737816,0.0,4
10,3.3589493024950685,61.847245054505514,-8.5,4
10,6.604862119146427,61.44088756505783,-17.0,4
10,100.0672162294696,39.734835819140514,0.0,5
10,95.474808020298,29.77911653227804,-8.5,5
10,90.88528032899266,19.793936130630577,-17.0,5
10,32.69065634875881,44.61617262465095,0.0,6
10,31.54167238177809,50.70556728896087,-8.5,6
10,30.38787452209148,56.785598237622416,-17.0,6
10,136.41908202969026,28.480335996852173,0.0,7
10,128.16720601688272,15.65574388126623,-8.5,7
10,119.91790310222758,2.830595890262922,-17.0,7
11,30.398579412945878,0.6673375810947114,0.0,1
11,23.275357589990644,14.74762405570958,-8.5,1
11,16.15140358692215,28.835035340916363,-17.0,1
11,70.67615405697967,116.53100899116535,0.0,2
11,95.49438472799164,129.12541135565422,-8.5,2
11,120.31911856852146,141.72139950361662,-17.0,2
11,36.21026401902088,116.56634253814654,0.0,3
11,60.59412216302608,112.8421363768907,-8.5,3
11,84.98621890378536,109.10574377115705,-17.0,3
11,91.14251463829125,18.914456423732762,0.0,4
11,77.34679760327087,22.902086201889265,-8.5,4
11,63.552809699504266,26.910461361002,-17.0,4
11,51.07224873207765,71.46907113809799,0.0,5
11,34.04400258864569,91.16405045306878,-8.5,5
11,17.052188913305773,110.86598911502645,-17.0,5
11,54.48926973235199,63.12025389705668,0.0,6
11,53.680319686919816,58.19317765560313,-8.5,6
11,52.90011283746335,53.251295837123045,-17.0,6
11,121.94596635698684,128.27563760174326,0.0,7
11,114.55966552593075,130.68014046863163,-8.5,7
11,107.17510333629511,133.0892648505307,-17.0,7
12,83.58877042931168,115.88528878395634,0.0,1
12,80.39615525630656,105.33513688303596,-8.5,1
12,77.19933233160044,94.80623848075349,-17.0,1
12,61.18726247063566,53.96127970206781,0.0,2
12,48.04762890646336,58.32507280743935,-8.5,2
12,34.87967751737714,62.6872976374188,-17.0,2
12,22.360927770672664,133.40100527269132,0.0,3
12,20.568215594781496,132.0700172768546,-8.5,3
12,18.778525182843055,130.7377568078667,-17.0,3
12,64.3480016129869,93.16683241242195,0.0,4
12,72.2916154799374,78.73740048323813,-8.5,4
12,80.19883872888164,64.30699435648481,-17.0,4
12,17.522476474428643,20.189409227390104,0.0,5
12,21.417222617099966,13.019969252064119,-8.5,5
12,25.317897521883495,5.851461785360641,-17.0,5
12,85.34982209642162,22.320373454272264,0.0,6
12,89.14463849071934,22.52808866496029,-8.5,6
12,92.93959737533957,22.729422664951834,-17.0,6
12,88.959864817147,19.093689068887308,0.0,7
12,85.01130305969815,28.95957727663329,-8.5,7
12,81.04005679029032,38.81620952982227,-17.0,7
13,47.46230797468685,122.05856642120764,0.0,1
13,55.30560102258675,120.1052911549388,-8.5,1
13,63.152559849202355,118.13087405844144,-17.0,1
13,30.818900710988366,74.96842485188255,0.0,2
13,27.51979866298259,73.96985112891657,-8.5,2
13,24.222715704581415,72.96598970445221,-17.0,2
13,49.433738719797574,126.52561741981737,0.0,3
13,44.74339490502109,119.66259968704561,-8.5,3
13,40.05157512476093,112.77747330449229,-17.0,3
13,118.30943656967399,9.396605808595082,0.0,4
13,108.14396261408558,5.675813292806812,-8.5,4
13,97.97295124451524,1.9460111778246691,-17.0,4
13,114.58508771811474,128.07429065731307,0.0,5
13,129.08412829960872,134.39298163220118,-8.5,5
13,143.59061379377437,140.70402217214894,-17.0,5
13,78.68034606766165,22.60765949144315,0.0,6
13,93.63032819172831,58.34269235566244,-8.5,6
13,108.58126451761149,94.08243583641135,-17.0,6
13,142.0408217825813,47.32774855635096,0.0,7
13,139.8512655426908,61.88241390910929,-8.5,7
13,137.67428393827396,76.44752751724998,-17.0,7
14,93.05425929535754,27.82755009680005,0.0,1
14,86.80064237391214,14.74930084935151,-8.5,1
14,80.54668181715536,1.666120570393597,-17.0,1
14,82.85370960920254,2.884051271864289,0.0,2
14,59.4952110052527,9.018652645017784,-8.5,2
14,36.16011145885299,15.160983771228276,-17.0,2
14,115.46198602856298,26.81749925184694,0.0,3
14,115.12020086778615,26.879243625551535,-8.5,3
14,114.78150738187031,26.94433808153833,-17.0,3
14,65.07845748962534,24.904712581158538,0.0,4
14,64.25125606011892,16.57543664679305,-8.5,4
14,63.436588941714476,8.252119028346554,-17.0,4
14,70.67409302580113,50.37568599954299,0.0,5
14,74.3133158376634,49.248630771727456,-8.5,5
14,77.95060399805192,48.122855506585246,-17.0,5
14,57.59125533387753,83.4860848614544,0.0,6
14,74.41655711206599,60.58754289670215,-8.5,6
14,91.23050535283146,37.693689026749134,-17.0,6
14,89.20973753864176,45.23199324911798,0.0,7
14,95.29343200290225,46.72157624370704,-8.5,7
14,101.36989831253682,48.20658500013814,-17.0,7
15,132.12005082705363,17.686915456275504,0.0,1
15,138.20238143644457,10.061885381241693,-8.5,1
15,144.3024464963301,2.438942491074116,-17.0,1
15,87.08688974286508,88.25033755512378,0.0,2
15,106.8984368705365,83.30006794429971,-8.5,2
15,126.69713665646736,78.34581924967755,-17.0,2
15,24.10061061055829,133.48905698007619,0.0,3
15,14.751373872972867,128.1871159367778,-8.5,3
15,5.41310556596295,122.90270260004807,-17.0,3
15,68.15681638674306,117.32008423426383,0.0,4
15,70.11108618696129,115.08105455364955,-8.5,4
15,72.0752673617319,112.85219996083572,-17.0,4
15,42.32799000143306,92.56387853710257,0.0,5
15,45.62438279455125,99.50267843863259,-8.5,5
15,48.91439231146487,106.44464846059772,-17.0,5
15,24.827589511205947,82.30550335744293,0.0,6
15,29.344453896965792,88.99130535779815,-8.5,6
15,33.854544858899985,95.65630634284224,-17.0,6
15,13.288718746879262,37.70275889945878,0.0,7
15,16.479162287456717,46.90471097189544,-8.5,7
15,19.691217820709483,56.08864306623508,-17.0,7
16,120.1510693693332,78.80760582707553,0.0,1
16,79.50690085065796,80.7107803652036,-8.5,1
16,38.86735493242488,82.59764110437068,-17.0,1
16,142.79130696762164,45.009853711597735,0.0,2
16,130.33176120502176,46.13317027166471,-8.5,2
16,117.86664665580767,47.263896486904066,-17.0,2
16,132.46093083757864,53.84217398916656,0.0,3
16,118.68990145900433,48.991135969622555,-8.5,3
16,104.92676818294345,44.14481472921421,-17.0,3
16,64.1527763091517,25.719285891534486,0.0,4
16,72.02859524585432,25.455176344861318,-8.5,4
16,79.91394349477605,25.197118985882035,-17.0,4
16,52.678017524952885,130.83100161939117,0.0,5
16,54.52489370026109,130.3794112363245,-8.5,5
16,56.37153720945862,129.92916955427395,-17.0,5
16,84.99086646300924,42.49340051538819,0.0,6
16,95.50362592033757,49.28728342808906,-8.5,6
16,106.00063523573536,56.09544876648687,-17.0,6
16,127.94805908089943,3.990722449515677,0.0,7
16,80.58165255416321,29.070278046072463,-8.5,7
16,33.21718446714062,54.156306797392254,-17.0,7
17,89.17070623980317,87.54077718431463,0.0,1
17,101.65771438183717,129.4170134778149,-8.5,1
17,114.1256237314689,171.29482638012297,-17.0,1
17,70.09844139083053,83.29026446589157,0.0,2
17,70.63116580155204,90.38495266284235,-8.5,2
17,71.17372273579433,97.47643060819817,-17.0,2
17,121.55802701294758,143.44957186370655,0.0,3
17,114.04582721407887,150.5204993110083,-8.5,3
17,106.55731989150185,157.61763589254298,-17.0,3
17,37.04434494304378,123.24297467974786,0.0,4
17,35.81596592805555,121.47803106650882,-8.5,4
17,34.585575543120754,119.7290101729217,-17.0,4
17,122.33724177911634,142.30255445634572,0.0,5
17,117.6287657262369,72.45926917076237,-8.5,5
17,112.93483158544907,2.604695137588954,-17.0,5
17,133.66142718450575,86.81934520631448,0.0,6
17,120.53225648093651,105.09002584833392,-8.5,6
17,107.4072417744186,123.3456709464915,-17.0,6
17,138.50264308941556,129.73808214074327,0.0,7
17,140.58761345884628,144.71681879583687,-8.5,7
17,142.68037685095575,159.71233182262839,-17.0,7
18,97.87172322781254,18.50354136170562,0.0,1
18,93.54324383296441,18.45569382471755,-8.5,1
18,89.21308038722071,18.401652541957397,-17.0,1
18,117.74751062773994,45.859066567457695,0.0,2
18,115.1249371245995,62.059609769675696,-8.5,2
18,112.51554497573285,78.25158868703654,-17.0,2
18,83.68673213967625,96.08336173580665,0.0,3
18,86.7420487384091,95.24443331491851,-8.5,3
18,89.77833916837386,94.41737846516386,-17.0,3
18,129.67457414351335,20.342362121204943,0.0,4
18,139.14839522458774,22.284847039645854,-8.5,4
18,148.63412452324945,24.224483112763885,-17.0,4
18,149.42173218126473,97.79008789463217,0.0,5
18,131.63475505776134,93.18598680826473,-8.5,5
18,113.85334869626804,88.56437593955302,-17.0,5
18,134.61873971744419,121.23705068610465,0.0,6
18,126.0146443162355,110.04854467046907,-8.5,6
18,117.4407429583816,98.86633395639427,-17.0,6
18,133.43516314616207,57.886199582739096,0.0,7
18,139.18924913898712,91.45361985514293,-8.5,7
18,144.94069481727368,124.99657305280284,-17.0,7
19,110.35886869313626,116.31234431341575,0.0,1
19,101.8476820509418,140.8274577668878,-8.5,1
19,93.34100331119032,165.34631455154573,-17.0,1
19,57.89568285604203,24.581198291052388,0.0,2
19,54.306389840931715,14.178251018870945,-8.5,2
19,50.71227936983039,3.7601061853851836,-17.0,2
19,68.39666187321207,74.48491632789981,0.0,3
19,52.65229935394897,76.04618252189432,-8.5,3
19,36.89014951658826,77.58979647167895,-17.0,3
19,92.14091913496341,109.31424816448894,0.0,4
19,92.26653854845462,108.15950642992068,-8.5,4
19,92.40229071451886,107.00118571331377,-17.0,4
19,132.92399647080805,63.84046852813198,0.0,5
19,127.81814419815105,70.17579308985427,-8.5,5
19,122.70323990654528,76.51823238158163,-17.0,5
19,22.044422922656484,88.59478610163877,0.0,6
19,28.234079125512608,79.98257072214187,-8.5,6
19,34.416747829661695,71.38190926879025,-17.0,6
19,22.836636013869864,85.45769826457936,0.0,7
19,22.719211487427852,84.82883976107662,-8.5,7
19,22.598743941850262,84.21880277281954,-17.0,7
20,81.48361026710101,75.02942345036617,0.0,1
20,86.03223499280872,60.594035253517774,-8.5,1
20,90.59212129592663,46.17581812302268,-17.0,1
20,113.41967352050438,14.581571582251701,0.0,2
20,106.13648580750903,27.384772343125757,-8.5,2
20,98.84775158888617,40.1717424501554,-17.0,2
20,29.609711649882176,120.52081766126709,0.0,3
20,38.25643288537771,105.03277222844831,-8.5,3
20,46.88927815648641,89.54054337612325,-17.0,3
20,52.00012926314396,148.45160728684087,0.0,4
20,36.19752085551193,140.51338556503094,-8.5,4
20,20.403365430753873,132.58116144815037,-17.0,4
20,84.12357449993301,55.38492337895634,0.0,5
20,86.5112989282252,52.518175588399515,-8.5,5
20,88.92293035380952,49.63223670666643,-17.0,5
20,62.472627264258634,109.0565231116711,0.0,6
20,62.80218666622102,114.12655822780219,-8.5,6
20,63.105562086194226,119.17510037654336,-17.0,6
20,115.86305432689741,53.30306802326863,0.0,7
20,96.75674581085558,50.58116983621272,-8.5,7
20,77.65880575490992,47.83733155787138,-17.0,7
21,16.728205341181475,57.810617760633875,0.0,1
21,23.1080740706633,53.159450044419984,-8.5,1
21,29.482265100346332,48.52129380589095,-17.0,1
21,116.69442622454282,109.35054236519527,0.0,2
21,125.1687871952356,111.57273951886627,-8.5,2
21,133.64269758617235,113.80643656134514,-17.0,2
21,61.071643062805464,126.21983168832507,0.0,3
21,51.41620032818473,122.32180246857776,-8.5,3
21,41.74587735151601,118.42997152090207,-17.0,3
21,112.32677743897811,10.027698998878213,0.0,4
21,117.9539952271311,10.707132042072782,-8.5,4
21,123.57632030835578,11.385652801850815,-17.0,4
21,40.933511531243056,148.72229701008519,0.0,5
21,30.99350856837798,80.88412644801662,-8.5,5
21,21.022083417100973,13.070193533789332,-17.0,5
21,11.464839885916552,132.71271276912304,0.0,6
21,7.877774009930799,123.39585658751,-8.5,6
21,4.281684402635637,114.08444413778338,-17.0,6
21,27.42892365869418,107.17759985624436,0.0,7
21,22.920146165654046,98.38071379163259,-8.5,7
21,18.41611683859184,89.59051828339342,-17.0,7
22,113.48043719426043,12.876209013588227,0.0,1
22,113.6745911067571,18.358224819728175,-8.5,1
22,113.88587936770936,23.86889172523427,-17.0,1
22,21.61875681089273,125.2382142447659,0.0,2
22,26.910564526750566,124.13936460110087,-8.5,2
22,32.229459146383405,123.04306519000254,-17.0,2
22,143.32236351741085,14.113352213149778,0.0,3
22,143.11965476757976,10.363967663303022,-8.5,3
22,142.8956434561299,6.606585438325403,-17.0,3
22,45.559355682808544,141.4211500593392,0.0,4
22,65.07634883446124,154.62620306796032,-8.5,4
22,84.59370139059155,167.82560111828377,-17.0,4
22,54.14272088051294,51.632937613402454,0.0,5
22,56.190426295096465,47.17661506464799,-8.5,5
22,58.243814166022396,42.71919999997267,-17.0,5
22,100.72326347542194,79.5496651755433,0.0,6
22,72.98860393740155,71.55464931935472,-8.5,6
22,45.24674504581204,63.54536361057099,-17.0,6
22,110.00777562252621,27.370836324038645,0.0,7
22,107.02076402743462,23.347234604430902,-8.5,7
22,104.04199332883043,19.332163360695517,-17.0,7
23,130.9410988010241,96.07288611970115,0.0,1
23,129.8409848264265,92.78843661347683,-8.5,1
23,128.7426830191535,89.49887738935526,-17.0,1
23,61.32534678971154,80.34755083451715,0.0,2
23,67.34267019005746,77.80270812328287,-8.5,2
23,73.35603799233677,75.26209824741353,-17.0,2
23,96.32600475194826,73.6542998049724,0.0,3
23,88.38606725211335,60.53215834935599,-8.5,3
23,80.4335750470113,47.40319587603555,-17.0,3
23,98.14863696228868,124.02015486221163,0.0,4
23,102.75006002482421,124.40533226104836,-8.5,4
23,107.3503201314428,124.77566899569119,-17.0,4
23,107.7026343045289,114.43037799682051,0.0,5
23,102.74726191955261,110.79999498548986,-8.5,5
23,97.78281036529881,107.16850734174946,-17.0,5
23,21.674704037677493,140.74142821060565,0.0,6
23,30.340791512455983,123.32713698086195,-8.5,6
23,39.00933287447874,105.91189261222337,-17.0,6
23,77.38176096455943,128.00451301078886,0.0,7
23,76.00319300102991,121.13037242063226,-8.5,7
23,74.63647720225788,114.24947967732831,-17.0,7
24,135.46528165153984,55.76028325823304,0.0,1
24,132.7442487899422,52.18370831435491,-8.5,1
24,130.00146232269466,48.59278052493976,-17.0,1
24,142.9645193671059,134.82566561040892,0.0,2
24,140.79885091680995,127.81856663411331,-8.5,2
24,138.61444614173953,120.80931035344112,-17.0,2
24,83.51328343752307,97.30695453864757,0.0,3
24,79.23549583223381,92.25213769124916,-8.5,3
24,74.9774372751623,87.19448003843952,-17.0,3
24,80.51202127406981,40.687330871495575,0.0,4
24,73.42548988264579,45.368705842558015,-8.5,4
24,66.33050280923123,50.05719541689736,-17.0,4
24,93.02346421158745,94.02791532957914,0.0,5
24,95.30770346934712,90.91912171948195,-8.5,5
24,97.58239003878226,87.82172051784262,-17.0,5
24,64.8709279382338,131.74497710038824,0.0,6
24,60.28963024229604,129.70116981861992,-8.5,6
24,55.70241389887405,127.65620029330252,-17.0,6
24,117.46089041618409,36.45329504265934,0.0,7
24,121.46060049639883,47.567950785704106,-8.5,7
24,125.4563976065463,58.69755972521988,-17.0,7
25,142.47632818877454,63.14596896567211,0.0,1
25,136.35390271702957,91.45108838394637,-8.5,1
25,130.22124917823612,119.73674183857362,-17.0,1
25,80.59713383240589,41.33554631912798,0.0,2
25,81.25022556846362,59.296627141942395,-8.5,2
25,81.88429917818407,77.24872945642377,-17.0,2
25,84.96530566128725,46.94340860399217,0.0,3
25,90.20446968082149,50.1477730834732,-8.5,3
25,95.45291910654534,53.35971474589218,-17.0,3
25,109.78061850608329,145.71254684653042,0.0,4
25,115.7537957356348,143.38930894992177,-8.5,4
25,121.73695377936676,141.05490670898456,-17.0,4
25,33.208906084506566,5.3700093966074185,0.0,5
25,35.97872749878912,3.442771547372266,-8.5,5
25,38.758258789372114,1.5221690318020975,-17.0,5
25,103.66226808483407,59.29092914158957,0.0,6
25,101.44287591337499,64.8443211466751,-8.5,6
25,99.21670388114346,70.3718172825716,-17.0,6
25,55.1879652802392,113.02689604999617,0.0,7
25,57.51290620374645,105.79506886693433,-8.5,7
25,59.8424043380011,98.55800583244317,-17.0,7
26,51.75299384667373,132.43518327618378,0.0,1
26,76.85682192043609,132.7049595972186,-8.5,1
26,101.94607023418818,132.98165581357404,-17.0,1
26,135.0316858820634,62.43092951549946,0.0,2
26,134.93213103335307,62.64751151997873,-8.5,2
26,134.82775057721432,62.8641773987321,-17.0,2
26,82.63210448896591,19.84020300436803,0.0,3
26,80.72084417985334,16.035562866776285,-8.5,3
26,78.81890763253139,12.245935994740105,-17.0,3
26,85.16460818239614,134.78213211683038,0.0,4
26,93.48991572471841,144.92914404774078,-8.5,4
26,101.82249235994338,155.06927632745848,-17.0,4
26,12.568294256319101,25.766774129194534,0.0,5
26,14.701981626126901,23.196784781894497,-8.5,5
26,16.817817940289526,20.613263476320775,-17.0,5
26,100.14656848750435,92.6351039367927,0.0,6
26,96.73792542907962,87.68281134991727,-8.5,6
26,93.31301107821731,82.7332789639057,-17.0,6
26,139.3332326275299,77.73925463177241,0.0,7
26,114.56463416079553,76.44043493258384,-8.5,7
26,89.81856962005267,75.12201287162092,-17.0,7
27,102.8059015878434,19.32241388332819,0.0,1
27,102.72852789338795,14.80127675492067,-8.5,1
27,102.69189098555792,10.285861990440367,-17.0,1
27,94.07963227738799,145.75214986044324,0.0,2
27,95.65370130427836,135.07562002832157,-8.5,2
27,97.20931750677046,124.40279497366008,-17.0,2
27,89.00598327953496,19.31943428200764,0.0,3
27,92.25688020900178,27.400286537081797,-8.5,3
27,95.53306531026399,35.48841682170685,-17.0,3
27,54.65622299661863,23.307968695394397,0.0,4
27,78.26402234942017,37.94755782936504,-8.5,4
27,101.85341183252542,52.57933869099727,-17.0,4
27,15.214453477377603,70.85958345502276,0.0,5
27,16.58994864742224,77.33570906601163,-8.5,5
27,17.98635261133755,83.82210741480795,-17.0,5
27,33.15785380478558,132.7111092613406,0.0,6
27,36.23861166167911,131.05378562558528,-8.5,6
27,39.33693605386233,129.40105523317655,-17.0,6
27,11.132762943546691,43.503281136482634,0.0,7
27,60.63525677339629,80.80483364966472,-8.5,7
27,110.14136546485918,118.1118650294372,-17.0,7
28,141.39138796099058,112.42052936493114,0.0,1
28,131.27820330190397,110.28270115683603,-8.5,1
28,121.19390494584495,108.13230011949021,-17.0,1
28,84.88036920420997,10.339662235617734,0.0,2
28,93.91785799578751,12.096955843816959,-8.5,2
28,102.95764203905144,13.826324134314566,-17.0,2
28,112.97703620663195,24.808492209997958,0.0,3
28,114.11159913147824,23.026149441960083,-8.5,3
28,115.26557466743476,21.2368765575028,-17.0,3
28,71.4358414819515,125.74204891680708,0.0,4
28,64.79336809281375,129.596259881025,-8.5,4
28,58.14938400326545,133.44884726508585,-17.0,4
28,93.2041283387532,21.121442541733657,0.0,5
28,99.33544081372409,18.226194024822334,-8.5,5
28,105.44885951557532,15.329015387068138,-17.0,5
28,129.6566115593015,6.288494568510791,0.0,6
28,118.82101963229219,27.919084530147483,-8.5,6
28,107.99212082769175,49.54422493169317,-17.0,6
28,93.41022261325637,74.66279877309626,0.0,7
28,70.08095334727417,82.73383987009213,-8.5,7
28,46.75852176533656,90.80745374029637,-17.0,7
29,15.350753384365827,96.48765568319114,0.0,1
29,31.531092765284342,73.0858196163491,-8.5,1
29,47.71647283561458,49.69521639220837,-17.0,1
29,129.5001968087177,134.4582344467207,0.0,2
29,126.59783789005479,129.87515024478168,-8.5,2
29,123.68917860945912,125.29675086144464,-17.0,2
29,100.04124411781898,26.026838740685985,0.0,3
29,109.92521631749962,53.21295302599481,-8.5,3
29,119.81592306646242,80.39913488476236,-17.0,3
29,101.44497192872515,85.60231905870707,0.0,4
29,97.19833903331727,83.47410307226336,-8.5,4
29,92.95496200501279,81.34550767981065,-17.0,4
29,101.39313890482883,121.89444578018423,0.0,5
29,97.58587004231637,121.89744349689133,-8.5,5
29,93.7835044321471,121.90338617123919,-17.0,5
29,139.32705697749256,52.299899498251726,0.0,6
29,132.19539301817605,49.585485814615865,-8.5,6
29,125.05457792220649,46.873004344624384,-17.0,6
29,101.96411873889548,35.81322531931646,0.0,7
29,111.97092850082943,50.11305992188991,-8.5,7
29,121.98028423447228,64.38984138759382,-17.0,7
30,89.05498239852221,62.54375640047162,0.0,1
30,97.32757611629972,91.76584857959628,-8.5,1
30,105.61216653645947,120.9759327289604,-17.0,1
30,88.50952753570442,126.5923345040107,0.0,2
30,78.41548429935293,129.28952315460765,-8.5,2
30,68.32700763260164,132.0003569245571,-17.0,2
30,101.95916795376209,90.22344741994141,0.0,3
30,83.84799253924311,91.42406034053154,-8.5,3
30,65.7231728145114,92.63722829428347,-17.0,3
30,132.84827510912217,25.341745136881627,0.0,4
30,129.94374268806135,22.923487021247762,-8.5,4
30,127.05751135253367,20.529298055016167,-17.0,4
30,54.44816263196065,14.424934728329019,0.0,5
30,54.33807286148788,16.72589466047166,-8.5,5
30,54.23342369711323,19.01554658088937,-17.0,5
30,71.08983570908634,51.28951256959389,0.0,6
30,77.8703883797339,37.92860816709919,-8.5,6
30,84.64347086039731,24.580308910864854,-17.0,6
30,11.278696761996216,112.04412564637967,0.0,7
30,8.193060385840287,119.4104086347916,-8.5,7
30,5.11191375228351,126.77349443633399,-17.0,7
31,64.30449131210881,77.66965762555014,0.0,1
31,67.05947831320893,53.31844575404915,-8.5,1
31,69.82710227618867,28.960323949702218,-17.0,1
31,110.39237581832253,84.77497732033699,0.0,2
31,116.5474202552307,95.98287243652085,-8.5,2
31,122.70191028236215,107.18581972148867,-17.0,2
31,47.25597597021279,86.91267048744471,0.0,3
31,43.29054330626726,85.878615747301,-8.5,3
31,39.310941252846945,84.80751841972945,-17.0,3
31,51.440970664053474,4.884380077483422,0.0,4
31,52.07418097311946,13.509631443191731,-8.5,4
31,52.69140432188712,22.11568604598616,-17.0,4
31,55.253205062794414,107.4376526771426,0.0,5
31,71.92525930965098,93.02590955558829,-8.5,5
31,88.59994177782448,78.6147625922607,-17.0,5
31,61.60472562380762,56.31460144551628,0.0,6
31,76.89100918593192,49.28641545507634,-8.5,6
31,92.17795503988633,42.28253011100449,-17.0,6
31,21.50113350746781,96.89654861223525,0.0,7
31,13.646410657476936,87.7602816856938,-8.5,7
31,5.793254915790169,78.63517922936144,-17.0,7
32,40.227610911424165,130.37103444942255,0.0,1
32,40.46775116009942,125.02695319502102,-8.5,1
32,40.725247498696866,119.67253960347696,-17.0,1
32,117.47773427460216,114.05387373188383,0.0,2
32,122.61552792719904,111.04917737283267,-8.5,2
32,127.75919294037212,108.06250660390866,-17.0,2
32,106.01857648179096,3.192510595288167,0.0,3
32,112.53120460813945,15.060781676052322,-8.5,3
32,119.035771483695,26.92722410144702,-17.0,3
32,44.50013854300124,49.20446851933294,0.0,4
32,48.84259075130821,49.996887650245014,-8.5,4
32,53.19436053366568,50.794763709567945,-17.0,4
32,30.382718371549906,10.590950598866073,0.0,5
32,26.289441875494045,9.372242596233145,-8.5,5
32,22.197647166685503,8.16740922418959,-17.0,5
32,86.3645811083643,109.7074425250155,0.0,6
32,83.79483093110827,108.6571267809424,-8.5,6
32,81.22863523912186,107.59914385925399,-17.0,6
32,59.066201256416164,148.89433405148012,0.0,7
32,53.403059824707206,151.69210874457363,-8.5,7
32,47.69830054889617,154.48784465995791,-17.0,7
33,125.98603842449526,90.55550168833439,0.0,1
33,127.98814597618464,93.40180676909411,-8.5,1
33,129.98719174224945,96.25009105352005,-17.0,1
33,11.042928687539252,60.45889013191356,0.0,2
33,19.49267241762499,78.04189437799783,-8.5,2
33,27.942423665398085,95.6261133216239,-17.0,2
33,137.24436668998405,132.3957528091796,0.0,3
33,135.51521288835923,143.1504922971325,-8.5,3
33,133.78202680989796,153.89971687845255,-17.0,3
33,84.8117720722707,72.73029133988297,0.0,4
33,89.75512744536849,74.77385416368656,-8.5,4
33,94.69749967443335,76.83358591041606,-17.0,4
33,12.221712501565955,85.8812039271295,0.0,5
33,18.44049648651996,79.34608554026231,-8.5,5
33,24.63745055793902,72.81199942268024,-17.0,5
33,22.737775695499646,87.85627472745817,0.0,6
33,27.04632688384905,72.48469907860083,-8.5,6
33,31.33612619248811,57.110964736460666,-17.0,6
33,133.64317333886598,111.36380981100372,0.0,7
33,137.10898503875305,127.42244651535188,-8.5,7
33,140.55981824152985,143.48038675612483,-17.0,7
34,135.59181246323004,81.93382822366232,0.0,1
34,137.9448182105653,79.82294322783005,-8.5,1
34,140.30816127759826,77.73287646908479,-17.0,1
34,13.410805457018975,89.52183875728657,0.0,2
34,12.625126678272839,88.60310990660423,-8.5,2
34,11.84161775200968,87.69959117294226,-17.0,2
34,3.963593964930701,8.05926191151064,0.0,3
34,9.943978077447465,6.288591909872944,-8.5,3
34,15.89993106069291,4.543829187714375,-17.0,3
34,116.513726683071,30.02320678269154,0.0,4
34,125.86717372614373,17.52383577698646,-8.5,4
34,135.21726999432806,5.006093979607203,-17.0,4
34,80.56387573310471,79.45041688006584,0.0,5
34,81.2333883336688,79.34027849013358,-8.5,5
34,81.89950573528596,79.21430393912983,-17.0,5
34,65.9437220562896,60.51719731847677,0.0,6
34,59.74103503204398,59.43623236689869,-8.5,6
34,53.543066536875926,58.34531940046558,-17.0,6
34,63.92630287236817,87.91932626931302,0.0,7
34,68.55439673748593,88.13635571351183,-8.5,7
34,73.19272696508752,88.34803496219817,-17.0,7
35,25.5326581788505,5.980084814222447,0.0,1
35,19.822424751041925,7.777535460359654,-8.5,1
35,14.105365448844271,9.585329485121587,-17.0,1
35,106.56146089062051,90.53269807591842,0.0,2
35,66.69642792645243,63.08540599336935,-8.5,2
35,26.856214734110587,35.61932328740659,-17.0,2
35,12.862973574003338,142.20898470193282,0.0,3
35,19.040930592642237,119.19072734494074,-8.5,3
35,25.22404856742691,96.17166063968186,-17.0,3
35,28.544645235466025,119.33696187520201,0.0,4
35,28.077231237332178,122.421792788141,-8.5,4
35,27.6190986012591,125.507600984469,-17.0,4
35,99.75589514426105,50.868175681835766,0.0,5
35,122.24238885887404,75.14995475998197,-8.5,5
35,144.7296343362406,99.44184127916803,-17.0,5
35,131.98550887740063,44.12637857594208,0.0,6
35,127.61173088037046,59.49728127371755,-8.5,6
35,123.2485450951095,74.85390588432077,-17.0,6
35,124.45156741355935,9.182624693371768,0.0,7
35,130.26458409438627,5.587016132709377,-8.5,7
35,136.0892632198124,2.0045253255132005,-17.0,7
36,47.69714703721028,123.29085342102866,0.0,1
36,36.338704379807204,128.68401949759976,-8.5,1
36,24.972440575532673,134.08283774148356,-17.0,1
36,37.490727034716286,63.85819389327556,0.0,2
36,67.4832704851789,52.876790159921065,-8.5,2
36,97.47416312926768,41.87421214104356,-17.0,2
36,80.85308042902939,6.858553711797428,0.0,3
36,98.05571548104956,7.147268564290614,-8.5,3
36,115.25831491898116,7.4234535670424435,-17.0,3
36,122.68485162178185,50.412951096160484,0.0,4
36,120.35608129655235,62.06786630645126,-8.5,4
36,118.04120482473914,73.71921796031722,-17.0,4
36,107.54127123207057,140.62891056438158,0.0,5
36,102.70518082385574,156.5751233399479,-8.5,5
36,97.85801526413785,172.540813686966,-17.0,5
36,64.47755066510612,87.35578218309642,0.0,6
36,44.76527134734464,50.11592476281101,-8.5,6
36,25.06381881450087,12.86922585646691,-17.0,6
36,142.81933786646934,26.79821272108573,0.0,7
36,146.2713282619078,38.29026440715795,-8.5,7
36,149.73990502722515,49.770720597224326,-17.0,7
37,140.91529437114028,8.808182807731242,0.0,1
37,127.39557625962031,8.503441059081801,-8.5,1
37,113.85964570169777,8.203779862254752,-17.0,1
37,86.08249346903565,64.9883125885922,0.0,2
37,84.233835650989,63.74696190636514,-8.5,2
37,82.37503734999333,62.50333149201477,-17.0,2
37,48.99879075883185,37.16296595613112,0.0,3
37,47.742412962614,54.41842642931767,-8.5,3
37,46.48497061898761,71.6898218544338,-17.0,3
37,73.43425213360078,80.48195686630524,0.0,4
37,94.04066765765863,61.31883701600178,-8.5,4
37,114.67777609833284,42.14779957325939,-17.0,4
37,30.48518314625974,124.06068492243989,0.0,5
37,28.807010327157467,127.88593634068336,-8.5,5
37,27.132554167214366,131.7091764722696,-17.0,5
37,96.9155113914777,6.677462001192527,0.0,6
37,88.14424813148959,5.042499525392307,-8.5,6
37,79.37733003100531,3.4043760762219346,-17.0,6
37,139.23637082870263,114.52846286160585,0.0,7
37,137.77404341549075,115.0946316458537,-8.5,7
37,136.3231162012126,115.64364091248065,-17.0,7
38,77.76367951180478,12.559871446718756,0.0,1
38,78.66187606482093,10.043734206756442,-8.5,1
38,79.55855209069173,7.530121998349414,-17.0,1
38,28.856879453975676,132.81552103133015,0.0,2
38,24.461304515637472,128.2803540044115,-8.5,2
38,20.066424228143134,123.75208003861201,-17.0,2
38,147.89185185905623,92.16708442800712,0.0,3
38,141.87061822106637,77.60665132156434,-8.5,3
38,135.85145245243868,63.0534322658319,-17.0,3
38,17.804228031008066,28.76940339825082,0.0,4
38,20.358212125602265,18.399068182192362,-8.5,4
38,22.925778803862872,8.021904350598303,-17.0,4
38,68.24098599540531,59.016718990916814,0.0,5
38,77.36049663101437,58.95268202489877,-8.5,5
38,86.46143644579008,58.90052134792033,-17.0,5
38,20.445990145987537,113.9698753787814,0.0,6
38,31.577448717805364,130.58900130473887,-8.5,6
38,42.676311291347844,147.23087764943986,-17.0,6
38,84.48286931027715,18.63727440231504,0.0,7
38,112.11029809338122,50.17421143477805,-8.5,7
38,139.74125401071186,81.72789529350429,-17.0,7
39,54.219125816634076,75.62255933567127,0.0,1
39,52.92882884573457,80.98514460609414,-8.5,1
39,51.63100552231629,86.3117131378899,-17.0,1
39,90.1795372721419,63.327637153170386,0.0,2
39,85.18777709070359,54.29742074428123,-8.5,2
39,80.2148461658694,45.28219410585583,-17.0,2
39,79.70959714337039,8.61352229528518,0.0,3
39,64.32686350847708,22.92972283692033,-8.5,3
39,48.935020151254854,37.26129973123837,-17.0,3
39,26.230563879399366,9.919132307662393,0.0,4
39,29.758647240586832,8.651147982583764,-8.5,4
39,33.294723535636464,7.395759639053535,-17.0,4
39,33.48650247498286,109.3093643482224,0.0,5
39,44.62043782872329,115.54383794755864,-8.5,5
39,55.75827408544305,121.78598618091095,-17.0,5
39,28.927878652912835,52.21479187512422,0.0,6
39,54.89561483814575,63.851205977091496,-8.5,6
39,80.85601516200423,75.47463955813599,-17.0,6
39,90.63149507755591,58.09587559634807,0.0,7
39,90.13725430546093,60.03794478508241,-8.5,7
39,89.63826449442261,61.95440016086706,-17.0,7
40,89.01076528664743,55.33244926184381,0.0,1
40,89.32297221950101,53.561422181506536,-8.5,1
40,89.61272212544358,51.796474991457416,-17.0,1
40,76.3390836741348,131.37577465010628,0.0,2
40,79.434890343689,125.26836924041717,-8.5,2
40,82.51880852081776,119.1839336060844,-17.0,2
40,114.03708986331127,105.13233599735048,0.0,3
40,96.65141212390401,106.25013819433292,-8.5,3
40,79.27273978220876,107.3565517316873,-17.0,3
40,56.85164088468023,144.10304230172096,0.0,4
40,62.845180036576515,144.26274896875265,-8.5,4
40,68.85472820070183,144.4388886234564,-17.0,4
40,20.85556894874026,132.66732809879744,0.0,5
40,14.042914314058928,122.93256515395171,-8.5,5
40,7.23015917042882,113.20908157500871,-17.0,5
40,106.99115766629059,49.50177575027781,0.0,6
40,110.05722164808554,54.04581053076066,-8.5,6
40,113.11344281120405,58.58165060123729,-17.0,6
40,129.62758347219764,132.92597369285477,0.0,7
40,123.4692660905836,114.91471428168992,-8.5,7
40,117.3128531097372,96.90181270411186,-17.0,7
41,98.1675201903602,3.8773928696391677,0.0,1
41,93.575599444226,5.751805346681447,-8.5,1
41,88.9925825553369,7.64438683070016,-17.0,1
41,15.452615342074127,71.08966230076052,0.0,2
41,13.180082865395814,72.87158564411253,-8.5,2
41,10.908118514140492,74.65799924035018,-17.0,2
41,113.48535095200401,36.86238735740422,0.0,3
41,104.18181706403051,63.92144083164584,-8.5,3
41,94.89003446696049,90.9795504549396,-17.0,3
41,52.19026488967316,75.66466661830928,0.0,4
41,44.82489167452281,81.1176240333838,-8.5,4
41,37.44618931894509,86.57941889667241,-17.0,4
41,86.68371707069198,39.29560359418495,0.0,5
41,112.51035956854612,40.76381962502889,-8.5,5
41,138.33129304467423,42.24276361645557,-17.0,5
41,13.418380547103194,56.10301599676824,0.0,6
41,24.475227809720593,51.25185515676809,-8.5,6
41,35.53314085185011,46.400020675153435,-17.0,6
41,131.4879931868673,82.20778966669346,0.0,7
41,117.87023934478309,81.02365133692791,-8.5,7
41,104.27032646219642,79.8229651378693,-17.0,7
42,100.13556532808923,55.300316429133346,0.0,1
42,101.73269412694762,41.33354083387737,-8.5,1
42,103.34398281538753,27.35532948116814,-17.0,1
42,69.3675761472789,40.97316158805147,0.0,2
42,73.10415824092561,21.360441934494116,-8.5,2
42,76.8391098667324,1.7201213327599303,-17.0,2
42,120.7940528324217,57.07945717408105,0.0,3
42,110.69014770795651,63.60318745223328,-8.5,3
42,100.59882226978931,70.11188402465342,-17.0,3
42,74.28021137323002,78.8542344205067,0.0,4
42,74.79111645151893,82.75653057519493,-8.5,4
42,75.31936816635687,86.65778357086971,-17.0,4
42,102.03134634777449,38.36771983650325,0.0,5
42,106.41543494491718,44.36591916360106,-8.5,5
42,110.80280184727143,50.34557036460565,-17.0,5
42,8.376141023629664,109.42439507277773,0.0,6
42,7.450308419878845,113.77811530421933,-8.5,6
42,6.5229105435417285,118.1163800552333,-17.0,6
42,53.32758443089591,11.231587570003578,0.0,7
42,52.871649495896285,13.988000962524447,-8.5,7
42,52.419330712111524,16.74547555725737,-17.0,7
43,25.188311608684167,145.94717396242643,0.0,1
43,23.59284909811926,151.26888130634714,-8.5,1
43,21.994337122160868,156.58961386293754,-17.0,1
43,78.32322851584625,98.99105749925235,0.0,2
43,97.90946333592778,87.56829288190954,-8.5,2
43,117.4913177471929,76.1534687321385,-17.0,2
43,24.777407521545708,54.541075831897274,0.0,3
43,13.283294420279502,75.94100297739824,-8.5,3
43,1.7754706163767013,97.33300401148638,-17.0,3
43,37.52724126203467,41.94463470963208,0.0,4
43,38.357906003404395,40.045801342011906,-8.5,4
43,39.17915537551756,38.162298371469,-17.0,4
43,79.10485798070971,115.21566873376139,0.0,5
43,68.21795512667127,131.56996399017487,-8.5,5
43,57.31346246678052,147.92946376282154,-17.0,5
43,68.13595641022391,52.22275839365304,0.0,6
43,71.66851130805485,54.00358854473127,-8.5,6
43,75.18246453257123,55.7729799384337,-17.0,6
43,89.21720989247407,124.6779964019428,0.0,7
43,92.91456027140659,123.33317682534219,-8.5,7
43,96.61325734215278,121.97969607236998,-17.0,7
44,26.954981357854354,48.84595460145783,0.0,1
44,26.732197166881818,55.7220427784042,-8.5,1
44,26.52221503693938,62.61080744479357,-17.0,1
44,36.73177627742747,140.3456091600725,0.0,2
44,53.01692417138842,130.93140323583117,-8.5,2
44,69.30959377552432,121.51098496413081,-17.0,2
44,3.191010074245039,108.93826280564936,0.0,3
44,12.026386733717654,110.92005089398903,-8.5,3
44,20.866369124177908,112.90419567565301,-17.0,3
44,69.0130903963207,125.82573650661894,0.0,4
44,83.84853959131034,127.0037596190868,-8.5,4
44,98.66368994070444,128.19178675921316,-17.0,4
44,24.061332375488504,113.3989109121621,0.0,5
44,33.250553787300056,128.5019595174635,-8.5,5
44,42.43814559168308,143.61821384737843,-17.0,5
44,137.17790450819734,82.4750289925582,0.0,6
44,122.29515556374993,81.5584692961255,-8.5,6
44,107.4118072547011,80.64454325537396,-17.0,6
44,113.94190131328942,99.62110102547626,0.0,7
44,105.41135113853117,76.94463974739026,-8.5,7
44,96.88238102527465,54.27432028168503,-17.0,7
45,21.919244556877583,82.26377518927309,0.0,1
45,14.888561274946262,79.70622354851356,-8.5,1
45,7.89315007619501,77.14349583514553,-17.0,1
45,63.077567200944614,125.81473348899983,0.0,2
45,62.84524428220824,121.16224157780799,-8.5,2
45,62.62335080843309,116.51871246094949,-17.0,2
45,110.38633253937336,47.39117790355756,0.0,3
45,106.29312072756906,50.50321121528318,-8.5,3
45,102.20892366800497,53.62237001539099,-17.0,3
45,40.29771959805227,116.24149117802014,0.0,4
45,47.46778127310829,134.22926658125866,-8.5,4
45,54.62983919793281,152.23835148538848,-17.0,4
45,69.78029843312918,125.791788554295,0.0,5
45,69.97714065589123,111.15895518731242,-8.5,5
45,70.18179740084,96.5576670165367,-17.0,5
45,23.952920138683023,15.075186953129752,0.0,6
45,62.098888168725175,38.42090285697734,-8.5,6
45,100.24959966947117,61.74785060509637,-17.0,6
45,47.56276747521068,23.62758763243561,0.0,7
45,52.38058732385635,36.4016592636947,-8.5,7
45,57.18209609598172,49.183395171142294,-17.0,7
46,41.30897841390497,36.36233145614973,0.0,1
46,39.082470588389945,60.81124251840748,-8.5,1
46,36.858906000265705,85.27444020523991,-17.0,1
46,39.771112067135704,43.73806168433911,0.0,2
46,46.84220119323963,47.080033874304306,-8.5,2
46,53.89871970096671,50.43336592176935,-17.0,2
46,4.284729020864665,26.482484825003688,0.0,3
46,17.527178225758316,45.769954805783186,-8.5,3
46,30.770975668816504,65.06785630027716,-17.0,3
46,87.01803816256097,87.02676621206649,0.0,4
46,84.28869895606532,92.62747202785316,-8.5,4
46,81.57592829213958,98.2340869282284,-17.0,4
46,80.26968485919909,145.0572175536623,0.0,5
46,94.74826829980293,134.63775858153633,-8.5,5
46,109.23315567084045,124.23790926518907,-17.0,5
46,13.550832238031207,22.67901499928977,0.0,6
46,14.181232578416111,17.781478976340527,-8.5,6
46,14.806778084431398,12.88477262311551,-17.0,6
46,134.44991202543983,81.35124065009731,0.0,7
46,132.91786335536955,87.16922354530352,-8.5,7
46,131.3855865109694,92.98902583262156,-17.0,7
47,135.26536306537525,7.739436243987742,0.0,1
47,121.90431319949128,51.392677144657895,-8.5,1
47,108.50444914175552,95.06269776321938,-17.0,1
47,87.39205156104124,108.46762973044461,0.0,2
47,88.12319226387761,112.148990088427,-8.5,2
47,88.84943385655635,115.83309744841766,-17.0,2
47,148.4118669416687,90.12528647289778,0.0,3
47,138.40888304208062,90.41105318564254,-8.5,3
47,128.43381471273983,90.6837078506558,-17.0,3
47,149.00016036885728,35.38620775002295,0.0,4
47,145.90836662921566,36.112792169138096,-8.5,4
47,142.7940648366105,36.83332970854817,-17.0,4
47,135.75237959384626,82.73674911464397,0.0,5
47,118.79772357311487,64.52862459451732,-8.5,5
47,101.85015248864866,46.32602132521467,-17.0,5
47,52.259492631081734,76.72266158867771,0.0,6
47,64.93460401160331,75.5677885213537,-8.5,6
47,77.59313517688982,74.41664582268609,-17.0,6
47,28.160324196805394,51.46075567910262,0.0,7
47,23.912165205193897,53.928108993499684,-8.5,7
47,19.656147876014384,56.41403053203688,-17.0,7
48,97.00806422841106,89.82348790314644,0.0,1
48,93.2735579820194,115.80807604155753,-8.5,1
48,89.52634247647786,141.79511339842796,-17.0,1
48,135.70207399868482,107.53207192079947,0.0,2
48,130.5432310032328,83.65021129254062,-8.5,2
48,125.38297028093177,59.7697411889512,-17.0,2
48,13.193187141014679,80.39601467277214,0.0,3
48,26.048270947977578,117.55006550793976,-8.5,3
48,38.90755141337417,154.69637083114014,-17.0,3
48,16.0731496636381,117.16347739359023,0.0,4
48,16.206969557635492,118.40003895209688,-8.5,4
48,16.333099257414144,119.63170787489291,-17.0,4
48,131.72832535298193,26.4124294715931,0.0,5
48,130.26142792056103,26.494056327786083,-8.5,5
48,128.79483535650368,26.580939160995996,-17.0,5
48,41.29584961266382,37.67867948643544,0.0,6
48,35.75278190473798,38.2039193778811,-8.5,6
48,30.207747223226914,38.73730443408746,-17.0,6
48,81.5493143949754,45.4101507849403,0.0,7
48,89.19261407881484,40.43914594626434,-8.5,7
48,96.84764013469996,35.44269841787768,-17.0,7
49,34.96523857706475,54.384550263812,0.0,1
49,39.53611775138184,76.48541051881239,-8.5,1
49,44.10855496170482,98.59296201156063,-17.0,1
49,16.45462871072313,149.88877873957173,0.0,2
49,15.115236908162068,154.53248902470725,-8.5,2
49,13.778577013832772,159.1680277951624,-17.0,2
49,96.53722022267151,100.04900974086524,0.0,3
49,115.31985853631198,120.06794200961424,-8.5,3
49,134.10660624934613,140.07680044117674,-17.0,3
49,107.73256232979932,36.593975039912856,0.0,4
49,123.27071598746113,43.41177015745725,-8.5,4
49,138.8086832671975,50.2284764815226,-17.0,4
49,60.599547818640374,80.0122242161883,0.0,5
49,83.70931242567175,81.6422772754294,-8.5,5
49,106.85150184008164,83.28113674997704,-17.0,5
49,57.142094372230396,72.98451069965319,0.0,6
49,42.63652312887893,63.45804467184434,-8.5,6
49,28.126508568557487,53.91697277960928,-17.0,6
49,89.75525782612048,51.62012350014357,0.0,7
49,88.21369816191137,64.49153630444646,-8.5,7
49,86.6818047427324,77.34547102810171,-17.0,7
50,37.50504365132823,134.42216793327904,0.0,1
50,44.53091132279945,149.40201214165697,-8.5,1
50,51.544210344767485,164.36005149695592,-17.0,1
50,142.38153423591658,119.02573702987743,0.0,2
50,139.34897810147694,126.72075330798548,-8.5,2
50,136.3069261089661,134.42634940209408,-17.0,2
50,114.18005539355069,76.1647036344619,0.0,3
50,111.10695636337435,77.07431861194863,-8.5,3
50,108.01927311923872,77.97883689774136,-17.0,3
50,100.49552984166792,142.77438775381228,0.0,4
50,96.56105724405057,144.575709692943,-8.5,4
50,92.62953948172617,146.3638449165125,-17.0,4
50,37.020014812435775,3.982736717050702,0.0,5
50,32.030162270563615,11.370014101633924,-8.5,5
50,27.0630572795669,18.7757059110699,-17.0,5
50,28.833539321027413,72.54479666772542,0.0,6
50,35.25624680761904,63.47945015130942,-8.5,6
50,41.6724642596726,54.396534677791564,-17.0,6
50,93.60560523045977,43.27146308183415,0.0,7
50,101.2435133762361,36.053772316362604,-8.5,7
50,108.87544032559654,28.84077971236106,-17.0,7
51,67.86723224866924,120.24854685161263,0.0,1
51,74.47998769750772,117.24868540532064,-8.5,1
51,81.07369147553335,114.24426551060645,-17.0,1
51,115.24235970296152,117.2207859674485,0.0,2
51,115.42406659343578,123.16205649783886,-8.5,2
51,115.62392491753181,129.11662882268257,-17.0,2
51,17.87567800554917,58.97728897066613,0.0,3
51,24.113541133867294,57.3531370323047,-8.5,3
51,30.335907022615352,55.71358536000822,-17.0,3
51,12.337222074096722,50.26682775899966,0.0,4
51,28.412566392797213,42.9884846439789,-8.5,4
51,44.474907466084744,35.69731815064524,-17.0,4
51,120.10493887597703,120.98861976892074,0.0,5
51,124.01626802436206,140.13009333573288,-8.5,5
51,127.92971121150354,159.24764303472313,-17.0,5
51,55.42986604775776,24.313025549188414,0.0,6
51,47.88642998253162,14.331242166399084,-8.5,6
51,40.34285630910222,4.322381973960748,-17.0,6
51,43.58771064590153,122.52485209034558,0.0,7
51,49.14352215484971,132.29957638608465,-8.5,7
51,54.70070767193876,142.06545420856418,-17.0,7
52,137.35934112541148,10.66985942995495,0.0,1
52,111.79827145161137,27.67918366023161,-8.5,1
52,86.24656515920515,44.69435573188558,-17.0,1
52,55.714438852482324,44.82883592656292,0.0,2
52,40.03899505004234,47.55637933077878,-8.5,2
52,24.342429333806567,50.26439325054499,-17.0,2
52,73.48197617601856,144.28914660350995,0.0,3
52,93.22712474454289,96.58761648615506,-8.5,3
52,112.97703089147922,48.88331706721743,-17.0,3
52,60.9239889911206,147.09829836253792,0.0,4
52,56.977875079546436,145.2133421884839,-8.5,4
52,53.047058247416636,143.33455412443968,-17.0,4
52,102.95015996077545,53.64683951678321,0.0,5
52,108.54759870985045,48.37791031593746,-8.5,5
52,114.13517199141405,43.078281783023364,-17.0,5
52,58.31849767326638,15.489611796454373,0.0,6
52,54.83356378102501,20.404713889779895,-8.5,6
52,51.34713493951386,25.33294382890339,-17.0,6
52,32.36311826032247,64.31510262625277,0.0,7
52,30.350315106577295,75.43574593000488,-8.5,7
52,28.358554705063685,86.55425136859927,-17.0,7
53,113.25257671899138,77.29567098029132,0.0,1
53,109.34341108290384,84.88218849074097,-8.5,1
53,105.43898513905083,92.45274302015918,-17.0,1
53,145.317893593466,17.37846284604486,0.0,2
53,145.69232592858268,14.958859635892766,-8.5,2
53,146.06179492030975,12.538881797199142,-17.0,2
53,60.01415192791459,127.33990537220063,0.0,3
53,53.32083881273612,125.27376302402352,-8.5,3
53,46.62245118280677,123.1994896832057,-17.0,3
53,75.76880621776586,75.86833661770395,0.0,4
53,84.46172551717868,62.23565773496466,-8.5,4
53,93.17780879254747,48.602439712387095,-17.0,4
53,85.97419307585206,114.9643609093017,0.0,5
53,84.86852461222573,106.61984141050984,-8.5,5
53,83.77535881823218,98.28190455089681,-17.0,5
53,75.97963584995102,9.923936085291489,0.0,6
53,90.89183979640349,36.88991114725624,-8.5,6
53,105.80281499514193,63.85035059322288,-17.0,6
53,96.71776783077438,62.54485549801131,0.0,7
53,97.5572480985559,54.17089983779024,-8.5,7
53,98.41640584392765,45.77739034336749,-17.0,7
54,99.74761772303545,83.60107040382938,0.0,1
54,107.05935089892529,84.39960329210173,-8.5,1
54,114.36807783201392,85.21395358832146,-17.0,1
54,114.38632898384526,47.27825594154515,0.0,2
54,77.43676384575812,49.6220973998643,-8.5,2
54,40.481394904993934,51.974511866616375,-17.0,2
54,124.95237990385648,117.13231118393871,0.0,3
54,106.54681815633805,123.15899441834159,-8.5,3
54,88.13940665382083,129.18216915028512,-17.0,3
54,126.67349113260858,46.53661778699345,0.0,4
54,120.83658115913109,72.88473366481587,-8.5,4
54,115.00822294026085,99.24368551759069,-17.0,4
54,79.67281425590966,130.70165407415018,0.0,5
54,94.85583685970586,118.90115385764908,-8.5,5
54,110.03965910026545,107.10617034032664,-17.0,5
54,74.20221347791016,59.04699135793353,0.0,6
54,72.97587439327837,59.545836683985875,-8.5,6
54,71.75360571241991,60.042680906255384,-17.0,6
54,44.86309795206753,56.700988803724,0.0,7
54,44.258946824392886,52.37065544118566,-8.5,7
54,43.6472660958433,48.051009899203166,-17.0,7
55,67.79103760373994,130.81167542689715,0.0,1
55,57.22177854166393,130.54431953108661,-8.5,1
55,46.65303684285478,130.271073295171,-17.0,1
55,26.00094637743151,121.18896258804477,0.0,2
55,29.993636657103526,125.39835454581032,-8.5,2
55,33.996544063906114,129.6157155259771,-17.0,2
55,127.03805385343944,82.25590882067567,0.0,3
55,107.86010476995364,78.9415685855202,-8.5,3
55,88.69755560821693,75.64037847293876,-17.0,3
55,43.2569147277575,106.35863386574668,0.0,4
55,59.5226150951319,82.32906921191869,-8.5,4
55,75.79962747423339,58.30076394007704,-17.0,4
55,96.68459875564275,131.2352840723289,0.0,5
55,104.3956570573031,149.81830093299703,-8.5,5
55,112.0924054890892,168.39998282475318,-17.0,5
55,76.44783813286266,75.40543549732745,0.0,6
55,79.61088072609037,73.20125074778505,-8.5,6
55,82.78004673740202,71.00209995480334,-17.0,6
55,36.99746277221624,70.25628610995541,0.0,7
55,25.746702409687327,60.97858663065535,-8.5,7
55,14.511514736713606,51.70321048895623,-17.0,7
56,87.51832873855598,142.20917770114644,0.0,1
56,94.41019068602996,148.51617430265938,-8.5,1
56,101.2996201261474,154.82683341004048,-17.0,1
56,95.50378591333319,86.19159550408226,0.0,2
56,82.34287392537665,90.56488539286657,-8.5,2
56,69.18766658166233,94.9311149437085,-17.0,2
56,63.03625050400126,23.90784582615386,0.0,3
56,58.46867539004931,38.87282575095611,-8.5,3
56,53.910475502136485,53.81298115642778,-17.0,3
56,114.64877697876707,82.00280896626734,0.0,4
56,125.91311577462876,87.1926275874312,-8.5,4
56,137.1683286118588,92.3777512261965,-17.0,4
56,46.756675968142474,129.93939083164585,0.0,5
56,55.853633620506365,131.7174306995925,-8.5,5
56,64.9550781654019,133.50557243563108,-17.0,5
56,103.98405504611037,40.347302840534184,0.0,6
56,99.890945290092,72.83984199451265,-8.5,6
56,95.78872781088371,105.32852425813937,-17.0,6
56,12.66706568536603,19.55092014183708,0.0,7
56,15.987399440313292,35.61843481228326,-8.5,7
56,19.318279633901412,51.6933535865571,-17.0,7
57,10.87096867210121,147.8325671147707,0.0,1
57,11.959392594614032,129.56728838298318,-8.5,1
57,13.044421980934215,111.29716589831398,-17.0,1
57,105.86615766424394,35.48575940303912,0.0,2
57,118.08777178616285,17.958038772871088,-8.5,2
57,130.30318361263397,0.43381637936553485,-17.0,2
57,30.353890947272294,83.46216694089814,0.0,3
57,38.562879127037974,85.16508100315683,-8.5,3
57,46.77247334472687,86.87432776514797,-17.0,3
57,122.8386948931838,97.28261322233975,0.0,4
57,124.0079405279249,89.74387045260526,-8.5,4
57,125.18428954006755,82.21459267817029,-17.0,4
57,87.67586333835953,40.65140527501064,0.0,5
57,72.4757007577167,22.81659363294438,-8.5,5
57,57.27063440663728,4.958808556693874,-17.0,5
57,123.59181536791448,116.88754263935245,0.0,6
57,132.42830071695028,117.42564108237664,-8.5,6
57,141.27917227187976,117.96870780938701,-17.0,6
57,15.87234758411268,24.791837418753936,0.0,7
57,67.19922229462418,90.14404350339474,-8.5,7
57,118.53912818492363,155.49464160986827,-17.0,7
58,124.44457673598934,121.39396720045926,0.0,1
58,117.81176337748748,106.06768152235522,-8.5,1
58,111.18629671870137,90.73750733285236,-17.0,1
58,60.97232470274422,85.75373865580052,0.0,2
58,54.10623350641636,85.31851858652134,-8.5,2
58,47.24105877805508,84.87601241738878,-17.0,2
58,1.3668953996089273,111.54320608589904,0.0,3
58,4.612764848637413,113.556716981836,-8.5,3
58,7.853995918571106,115.59939550977627,-17.0,3
58,27.319693606492088,41.23581917319282,0.0,4
58,25.371592880331754,41.54517701560295,-8.5,4
58,23.42040246554177,41.8619774551167,-17.0,4
58,38.658783489372944,149.45420757282434,0.0,5
58,56.101605087140335,146.2816577691676,-8.5,5
58,73.55466257625949,143.12159300042694,-17.0,5
58,78.21264083136138,147.43019072975386,0.0,6
58,70.95084291142098,152.6233029372053,-8.5,6
58,63.69633188969117,157.8207907442449,-17.0,6
58,20.291930279011353,53.71304931334752,0.0,7
58,21.969361397089255,55.08710869882269,-8.5,7
58,23.6559180308887,56.47303207205559,-17.0,7
59,32.88620918612646,132.15071906256978,0.0,1
59,38.13569575416243,127.60220776308367,-8.5,1
59,43.370112448479716,123.06345239797002,-17.0,1
59,126.98855318758245,21.98716125039512,0.0,2
59,128.6246209955713,28.801373046139535,-8.5,2
59,130.25848337406,35.613554664244305,-17.0,2
59,91.45296382997091,14.900509261969018,0.0,3
59,102.56170169179804,21.977358772817013,-8.5,3
59,113.6686877013441,29.047963078912055,-17.0,3
59,85.77668417115187,41.83465311612183,0.0,4
59,88.89140297418822,64.57505285149861,-8.5,4
59,91.99184556400462,87.32070416814005,-17.0,4
59,25.33674284073047,28.885044497374853,0.0,5
59,37.831195147239484,23.212072809307973,-8.5,5
59,50.32217521550519,17.557750202280555,-17.0,5
59,28.980871917797494,1.0209780876286358,0.0,6
59,33.31991248168251,7.715526313809699,-8.5,6
59,37.664470941303726,14.404193748966026,-17.0,6
59,72.91797925928866,17.89619911697752,0.0,7
59,92.47608488064165,11.606434526559992,-8.5,7
59,112.0147429508995,5.314963481438452,-17.0,7
60,84.06300509794701,38.56890680390009,0.0,1
60,61.33797629562092,51.85563737682246,-8.5,1
60,38.62960316978174,65.13813332269731,-17.0,1
60,138.2303581037387,6.268071436027811,0.0,2
60,143.00797477776317,16.124642481327918,-8.5,2
60,147.7805658557455,25.984088811362838,-17.0,2
60,75.14173814670859,110.30215756127788,0.0,3
60,81.37642051645018,80.09691162493633,-8.5,3
60,87.59988727823664,49.88112132201368,-17.0,3
60,38.28069546657214,99.37441568345079,0.0,4
60,29.613571709810316,97.12377541543795,-8.5,4
60,20.932638950873972,94.86621649249801,-17.0,4
60,51.898907179963814,18.899174260275668,0.0,5
60,46.35829256769893,10.717388759099924,-8.5,5
60,40.819316094569984,2.556765423364113,-17.0,5
60,68.78062418384334,90.5533391529312,0.0,6
60,55.73765596583324,92.01056591393215,-8.5,6
60,42.6898844559098,93.4649468706549,-17.0,6
60,1.9507254445356388,90.18104570784207,0.0,7
60,30.85512870176461,85.03270357363377,-8.5,7
60,59.76798685004782,79.89995382408884,-17.0,7
61,105.88446119942046,17.06851655178486,0.0,1
61,105.77547698466576,13.099164128484524,-8.5,1
61,105.66569364501804,9.149508546802622,-17.0,1
61,12.076148334098281,109.92787408856158,0.0,2
61,13.279508726587904,118.87871124677191,-8.5,2
61,14.508062304606288,127.820453638609,-17.0,2
61,63.99414938824599,78.1824895855927,0.0,3
61,76.6601919137985,100.13560866442073,-8.5,3
61,89.33747247356709,122.0964301330551,-17.0,3
61,140.19158696170092,74.8611266730407,0.0,4
61,127.87011138498364,77.99849591246196,-8.5,4
61,115.5249417609387,81.1454898695252,-17.0,4
61,79.72578713862701,125.57826028550865,0.0,5
61,68.15040115020315,110.2506820475683,-8.5,5
61,56.570479714568954,94.91957328147839,-17.0,5
61,115.00078965034051,122.81111474088206,0.0,6
61,105.12944376707904,128.8067042621022,-8.5,6
61,95.28190932177938,134.8041740565442,-17.0,6
61,52.45427466177273,24.764703380723233,0.0,7
61,41.16554690492019,78.04434733376593,-8.5,7
61,29.86310770467739,131.33686323897302,-17.0,7
62,5.694576673278268,113.73226626810977,0.0,1
62,5.9652797312118375,116.45914889628321,-8.5,1
62,6.230915597357037,119.19580522336298,-17.0,1
62,86.16073466572146,26.78987654275095,0.0,2
62,79.02253262232462,27.985344300846684,-8.5,2
62,71.87605038045696,29.16014995474653,-17.0,2
62,107.42256160377791,133.73071928491754,0.0,3
62,119.4432284703455,132.12752963241567,-8.5,3
62,131.4584208771938,130.54782582064928,-17.0,3
62,77.5848921182748,16.297529476018607,0.0,4
62,98.3150183136875,8.155938117142693,-8.5,4
62,119.05788812863929,0.0025971473267532605,-17.0,4
62,40.34647708964234,77.7663312311297,0.0,5
62,33.819280675541734,82.87849490491162,-8.5,5
62,27.295431559697445,87.99460751086549,-17.0,5
62,27.437938725558126,19.075255664754785,0.0,6
62,28.19218234333805,11.787299749622779,-8.5,6
62,28.951401577782526,4.493431126804637,-17.0,6
62,39.289686317455356,72.22719355239269,0.0,7
62,88.13082306125571,54.296317427902125,-8.5,7
62,136.9698299628578,36.351072186864336,-17.0,7
63,26.760759333665966,37.9382778026793,0.0,1
63,31.41127562078867,42.877870822494316,-8.5,1
63,36.064660023445576,47.81196044651859,-17.0,1
63,54.04995716933774,16.2515987492578,0.0,2
63,62.668648302779005,40.09186353096423,-8.5,2
63,71.29978512704123,63.92284587847981,-17.0,2
63,58.91386677910744,38.812236226711164,0.0,3
63,57.09321695877028,41.4986646018723,-8.5,3
63,55.26157134147261,44.19391809579811,-17.0,3
63,80.87327231304472,118.60054255932697,0.0,4
63,71.58787008362557,116.3398375811442,-8.5,4
63,62.30139483650415,114.07447739933173,-17.0,4
63,51.8784703470397,140.07768550949822,0.0,5
63,30.97764495619087,144.62723894404323,-8.5,5
63,10.070092916557146,149.16902889065423,-17.0,5
63,97.82333003886598,74.31530117462805,0.0,6
63,97.03093753177527,75.84326714951041,-8.5,6
63,96.22607695598197,77.35885740966685,-17.0,6
63,112.44718287935177,75.49569525880509,0.0,7
63,121.98978583800923,83.13783124595511,-8.5,7
63,131.53354823935285,90.79631882324941,-17.0,7
64,116.50040606139734,85.0964340966084,0.0,1
64,108.72215368551066,85.65066176739008,-8.5,1
64,100.9401065624553,86.19558421587962,-17.0,1
64,79.72950869738484,35.62197596715395,0.0,2
64,73.1858443012989,42.1897274110195,-8.5,2
64,66.66886659117472,48.77189042570535,-17.0,2
64,71.63326258495131,121.23240180178252,0.0,3
64,69.72713524685383,117.6765621537269,-8.5,3
64,67.85493817296447,114.14108237100014,-17.0,3
64,73.8555648628878,74.33610574454588,0.0,4
64,79.9168995541119,78.01830869375121,-8.5,4
64,85.99134253368005,81.70157577845143,-17.0,4
64,5.026937314807476,117.82532741706854,0.0,5
64,9.199088086590828,118.92514459463068,-8.5,5
64,13.380397777057425,120.02622508156665,-17.0,5
64,71.7490660541218,57.756806109197505,0.0,6
64,65.7481188563955,71.81755188159484,-8.5,6
64,59.74961666020577,85.87717140853199,-17.0,6
64,27.75054980483465,70.78049451751943,0.0,7
64,27.601579886923947,63.202368513771226,-8.5,7
64,27.46555969518486,55.6086109260755,-17.0,7
65,16.610582525656223,76.95967508221757,0.0,1
65,18.279880063452183,82.63853608363691,-8.5,1
65,19.96833704725801,88.32157132422012,-17.0,1
65,54.43886904588477,133.46031188126702,0.0,2
65,54.85651012425495,129.50980288578776,-8.5,2
65,55.276847345068205,125.55479281311942,-17.0,2
65,96.455454011135,78.5352777376549,0.0,3
65,93.05756726597863,80.14771867949227,-8.5,3
65,89.65746901223555,81.75993078438333,-17.0,3
65,98.02519693956829,118.3027746637047,0.0,4
65,105.84550836621214,124.90714904055251,-8.5,4
65,113.68437156214044,131.5316351374949,-17.0,4
65,75.12987952577915,35.168324120420124,0.0,5
65,102.03513596881169,38.10777701486196,-8.5,5
65,128.92756059332714,41.04887890311976,-17.0,5
65,64.30679717942274,57.18575145409042,0.0,6
65,80.29422861977865,58.5944037277721,-8.5,6
65,96.29401299136134,60.01092513819075,-17.0,6
65,101.17930093499139,134.47286821920687,0.0,7
65,83.77364005337317,133.4596095881447,-8.5,7
65,66.37199095382631,132.4390772398907,-17.0,7
66,115.32415791325292,7.698512369422202,0.0,1
66,102.77013331990257,10.269115069650132,-8.5,1
66,90.20390267785285,12.825595920429082,-17.0,1
66,32.54715341517415,81.27014699370399,0.0,2
66,38.10740560143645,41.78309311590181,-8.5,2
66,43.67504857597367,2.3059562314676314,-17.0,2
66,104.6295763075054,37.213328540347945,0.0,3
66,102.23973775671735,39.47621369907322,-8.5,3
66,99.85570659485181,41.754250068357685,-17.0,3
66,83.0404503678502,72.67985874126278,0.0,4
66,79.69465704001433,59.26335847569878,-8.5,4
66,76.31906062636683,45.84362507922291,-17.0,4
66,66.81025155650141,20.490333365967256,0.0,5
66,60.000137978417214,11.694541263006743,-8.5,5
66,53.193409952249716,2.9024511182589476,-17.0,5
66,16.548283210127867,125.75895707883028,0.0,6
66,29.19680843746946,128.58778251606404,-8.5,6
66,41.819232490808076,131.42642999002842,-17.0,6
66,139.31319680584872,70.93776813341918,0.0,7
66,116.9897529735622,58.47696909554328,-8.5,7
66,94.66525490666523,46.02948283644448,-17.0,7
67,73.29529743786837,64.46868998205885,0.0,1
67,75.99518457140327,58.080006846276035,-8.5,1
67,78.70537107202503,51.68584473923979,-17.0,1
67,131.79828222929518,85.05945551732555,0.0,2
67,128.9742092721652,72.7086717175816,-8.5,2
67,126.12745649387577,60.335113588472616,-17.0,2
67,71.62852601442637,45.96155763915544,0.0,3
67,73.52326485049404,52.45517533205775,-8.5,3
67,75.40503009307879,58.944966343093505,-17.0,3
67,120.56007623928508,11.332812184711276,0.0,4
67,121.93694729121556,28.556183000000107,-8.5,4
67,123.31453102079854,45.794776833813366,-17.0,4
67,14.069927933606653,79.01453531920264,0.0,5
67,10.563059973920186,97.36649964057887,-8.5,5
67,7.025722970283503,115.7321646028563,-17.0,5
67,42.664819192802085,18.10083292676606,0.0,6
67,35.94845200970965,15.690891431336091,-8.5,6
67,29.23161072334238,13.26232851703362,-17.0,6
67,55.24105409899232,21.951326184634517,0.0,7
67,50.30685669865905,14.48434105712433,-8.5,7
67,45.36548066442004,7.014768808003061,-17.0,7
68,100.46492172361076,132.48512217526886,0.0,1
68,107.42112832123738,142.04267690624746,-8.5,1
68,114.40159301506905,151.58296398340775,-17.0,1
68,117.46848844114629,72.03699942761531,0.0,2
68,120.68570342535838,71.7331602233642,-8.5,2
68,123.91754399447771,71.44106549382434,-17.0,2
68,93.11177301836663,133.97590051078149,0.0,3
68,92.93817132130901,147.51478327543688,-8.5,3
68,92.76789864024789,161.04930062644675,-17.0,3
68,85.28755498793011,11.913805706496383,0.0,4
68,86.43468202195895,12.966007901396898,-8.5,4
68,87.58400416678047,14.010967483246462,-17.0,4
68,111.75209697227439,127.06685794507042,0.0,5
68,122.68767576809549,121.5575939240931,-8.5,5
68,133.5945848609367,116.04673297324153,-17.0,5
68,94.51118828667842,70.26854752013992,0.0,6
68,91.95051747864484,75.0886195199137,-8.5,6
68,89.36987796316,79.90094668838212,-17.0,6
68,6.198383563581462,76.00064013245742,0.0,7
68,7.9420228745071615,64.8659906199398,-8.5,7
68,9.664553205149147,53.734327634650306,-17.0,7
69,95.16110033837202,29.094441862814115,0.0,1
69,94.56746957502769,28.892881491635155,-8.5,1
69,93.95335996102312,28.68767685767571,-17.0,1
69,11.971154950277503,114.89854354066946,0.0,2
69,19.775578939223216,118.045712363333,-8.5,2
69,27.578046850742776,121.2001672049677,-17.0,2
69,62.012361834078305,36.084961112191394,0.0,3
69,71.54435631188488,27.03298087703429,-8.5,3
69,81.07566910386518,17.978720693039122,-17.0,3
69,56.02453420533897,28.69744533608437,0.0,4
69,65.14004237818344,21.44883464642381,-8.5,4
69,74.26029587090065,14.186286855606516,-17.0,4
69,82.97028913977786,58.44891262825952,0.0,5
69,76.12757952029604,60.69757849106372,-8.5,5
69,69.2878688548122,62.956710096426725,-17.0,5
69,86.11038916419824,111.27389987352115,0.0,6
69,53.16887731205603,92.1424593043913,-8.5,6
69,20.237798997210486,72.99087879904071,-17.0,6
69,2.8795321217009584,61.58185206668733,0.0,7
69,2.4523801757050925,62.604674516401694,-8.5,7
69,2.0362682276341153,63.61937607849372,-17.0,7
70,88.81744166833661,99.90246391220194,0.0,1
70,84.77484516226646,80.20668904767838,-8.5,1
70,80.73801884192792,60.511694451347104,-17.0,1
70,15.397930576731673,81.01505408372037,0.0,2
70,25.391761161786878,83.28100368006743,-8.5,2
70,35.36897980382983,85.5565010870473,-17.0,2
70,0.7373398187518073,18.047418037096605,0.0,3
70,0.7178904294395194,21.678287757727983,-8.5,3
70,0.6880646920727227,25.318675629928602,-17.0,3
70,16.88454951919569,25.521650330090694,0.0,4
70,37.36750531802969,41.60831994863199,-8.5,4
70,57.85644489754381,57.701606828290274,-17.0,4
70,33.4455133126709,91.29658176061463,0.0,5
70,85.29774384019181,91.83618488000509,-8.5,5
70,137.15342075819638,92.35798234736343,-17.0,5
70,35.54311587839462,87.40134447075528,0.0,6
70,33.07220187492739,84.41313689892917,-8.5,6
70,30.61814817758136,81.43697869425505,-17.0,6
70,106.83801002179915,13.422813079244898,0.0,7
70,100.56674981431901,12.950877559116867,-8.5,7
70,94.27188100316603,12.475176690687306,-17.0,7
71,91.75116420815596,39.5887677993124,0.0,1
71,96.8347469562602,28.911206509711548,-8.5,1
71,101.92866850842613,18.235852518642975,-17.0,1
71,14.21282807029911,7.390419967059099,0.0,2
71,31.502044160818627,38.870653562332066,-8.5,2
71,48.782621232224486,70.34521750588148,-17.0,2
71,76.135280897893,145.55271039180627,0.0,3
71,69.27077767806398,159.876153948215,-8.5,3
71,62.39766463822211,174.16685555322803,-17.0,3
71,96.33039895781314,13.583679583311406,0.0,4
71,102.46230202642296,18.29725901963092,-8.5,4
71,108.57423735500736,23.007488761386703,-17.0,4
71,89.61379593690975,40.52339680541317,0.0,5
71,104.12929222786177,56.82742834144768,-8.5,5
71,118.6407454068341,73.10438181973205,-17.0,5
71,42.19996169567094,64.56733238668194,0.0,6
71,73.9207245821329,74.42010577683727,-8.5,6
71,105.64312555293567,84.29457385118037,-17.0,6
71,13.418506956284896,13.14056627487889,0.0,7
71,9.496418342850859,16.66996090761638,-8.5,7
71,5.5562347982827385,20.212511892151614,-17.0,7
72,108.41421360957851,126.27139366591398,0.0,1
72,108.81983660844234,125.42995754598881,-8.5,1
72,109.21331772724659,124.58856293104031,-17.0,1
72,129.8839430822372,58.09408805410286,0.0,2
72,124.06993661142981,54.17189743214759,-8.5,2
72,118.25465351674872,50.22505564855425,-17.0,2
72,81.43447914459735,39.652291163416024,0.0,3
72,59.956094790518996,25.56755068428808,-8.5,3
72,38.476142601731766,11.485464301527193,-17.0,3
72,50.53903451228542,117.73835814913632,0.0,4
72,68.78886988940397,78.00319096298252,-8.5,4
72,87.03029402290205,38.2604764782569,-17.0,4
72,41.7891137004876,29.446119426430013,0.0,5
72,56.287980431061335,15.81497065065014,-8.5,5
72,70.79811457008363,2.1807177844870376,-17.0,5
72,94.67811588390192,142.1168125433461,0.0,6
72,82.03839336581905,148.14480802335663,-8.5,6
72,69.40389397949869,154.19667950085048,-17.0,6
72,123.54770966980362,29.568086869745493,0.0,7
72,125.84024568089856,77.37191302806025,-8.5,7
72,128.11383299439575,125.16080517440075,-17.0,7
73,42.09625044006566,15.176727175723045,0.0,1
73,69.46316312976838,19.27832226468426,-8.5,1
73,96.81215394164865,23.400244872339428,-17.0,1
73,73.85656741015966,106.88160463430303,0.0,2
73,82.60496230650129,112.2330362498482,-8.5,2
73,91.37610151950916,117.58663156850095,-17.0,2
73,88.29624229348508,63.743121030442985,0.0,3
73,64.76967598805491,51.3959841500437,-8.5,3
73,41.25008912966002,39.02477503450945,-17.0,3
73,75.29778143556321,28.287650368635177,0.0,4
73,72.12577594106423,22.82675267329051,-8.5,4
73,68.94946362353798,17.371498797340447,-17.0,4
73,29.182644176256666,3.6913497669117823,0.0,5
73,32.089033923918315,1.9982912167051832,-8.5,5
73,34.9962713005301,0.29705501218851654,-17.0,5
73,14.109342806304689,115.53487280862694,0.0,6
73,13.827735604989234,113.52139338671084,-8.5,6
73,13.540638012086609,111.52027462868739,-17.0,6
73,57.37714795905311,27.111204038787534,0.0,7
73,80.83757654821241,43.228218976971135,-8.5,7
73,104.30396998945164,59.346268118745755,-17.0,7
74,58.12422534774781,10.19965094606104,0.0,1
74,59.19695073045382,11.667017732937179,-8.5,1
74,60.25957748286654,13.135156211708447,-17.0,1
74,105.24420322415696,45.15797615658324,0.0,2
74,105.71264856664344,27.428826491954823,-8.5,2
74,106.21483907690089,9.687758145880055,-17.0,2
74,134.40286342441422,145.07746213582007,0.0,3
74,133.53198963721564,153.63131991905348,-8.5,3
74,132.65742169758525,162.1674748177016,-17.0,3
74,0.3355826344568223,19.03083955734073,0.0,4
74,7.49325317888084,19.0761879692509,-8.5,4
74,14.66382174161821,19.119358441572867,-17.0,4
74,74.66750699883704,141.04438690242955,0.0,5
74,51.85974240142017,113.90430582381579,-8.5,5
74,29.0614436846869,86.76413865793472,-17.0,5
74,49.59475584828882,18.707320495680214,0.0,6
74,58.50172745267933,11.736454704914657,-8.5,6
74,67.4235558158769,4.77540618292335,-17.0,6
74,32.204855851559564,11.117435043399022,0.0,7
74,29.72495143425349,19.975031049711255,-8.5,7
74,27.244126074148113,28.83420017460566,-17.0,7
75,99.98249825908948,79.47639747238466,0.0,1
75,104.93982275109252,70.67283148874193,-8.5,1
75,109.88598029805657,61.8845363083614,-17.0,1
75,16.71760870234384,4.630920552965969,0.0,2
75,19.608485259739194,5.529995939327456,-8.5,2
75,22.496139614563468,6.42583121823456,-17.0,2
75,108.51290664777342,144.41991959229208,0.0,3
75,113.06256103560615,150.82567852677695,-8.5,3
75,117.62997067867094,157.2385839259747,-17.0,3
75,88.14111382801065,48.958208381696714,0.0,4
75,86.91221509079213,52.84414143119498,-8.5,4
75,85.69759686477248,56.70969158974528,-17.0,4
75,28.71131069446662,64.50265520175823,0.0,5
75,25.890307563627236,73.73187342011082,-8.5,5
75,23.083963346612364,82.94422328531117,-17.0,5
75,15.828232504796997,10.889094722793022,0.0,6
75,18.18494722657082,6.090745237901203,-8.5,6
75,20.528146388367123,1.2842700036586365,-17.0,6
75,89.59857091325459,94.15221289205194,0.0,7
75,89.83838660165829,88.80141818848868,-8.5,7
75,90.08441720466416,83.44167181650138,-17.0,7
76,33.29463528850211,52.787227884063725,0.0,1
76,27.250381169632668,49.43751567549925,-8.5,1
76,21.19286549978926,46.08396725509546,-17.0,1
76,135.94480130356422,111.22215191810562,0.0,2
76,136.3081077173784,114.92522691505835,-8.5,2
76,136.67335265808023,118.63958074337543,-17.0,2
76,144.2695180497243,55.383145043673586,0.0,3
76,143.06731049744533,48.26126435197662,-8.5,3
76,141.87764114458287,41.12896818458869,-17.0,3
76,105.59694259168826,80.7442294001309,0.0,4
76,101.35769094468975,60.21134272834397,-8.5,4
76,97.12670900805742,39.68802719558407,-17.0,4
76,125.01141552192153,87.54837794035923,0.0,5
76,115.54552708962078,119.32873431630843,-8.5,5
76,106.05666428186088,151.11608359866534,-17.0,5
76,114.18910967611782,61.66457105645625,0.0,6
76,114.61069075377678,62.50168668987891,-8.5,6
76,115.04510582158177,63.33132377169892,-17.0,6
76,108.56948076188748,60.051377656631075,0.0,7
76,108.2581529971632,58.45534326033614,-8.5,7
76,107.94565738904485,56.88303240087016,-17.0,7
77,126.33906916354016,114.7774359482842,0.0,1
77,108.91117304434408,97.56669420244926,-8.5,1
77,91.48707602536133,80.35627097590255,-17.0,1
77,132.55963838196,134.89173939795938,0.0,2
77,110.76415943217708,141.70968228799345,-8.5,2
77,88.96398567517589,148.51049221736787,-17.0,2
77,13.63031009998685,112.94088654781727,0.0,3
77,15.494249275435509,128.33150810059675,-8.5,3
77,17.353011574158312,143.6969158205265,-17.0,3
77,96.79647984185893,45.07684872327076,0.0,4
77,80.3048354798084,42.53867503157413,-8.5,4
77,63.823298071732495,39.99774914502463,-17.0,4
77,45.71850045599101,18.764196440751938,0.0,5
77,41.28056220441904,23.908682962827015,-8.5,5
77,36.83082734390388,29.039443438613667,-17.0,5
77,105.97232377420865,44.1617997587317,0.0,6
77,112.0537281568541,45.485625911496285,-8.5,6
77,118.12056673493248,46.82363879355378,-17.0,6
77,45.47284702124941,98.44688142273343,0.0,7
77,31.240980948030366,96.44935597251455,-8.5,7
77,17.019469845144766,94.45372570063914,-17.0,7
78,3.561474123517284,128.41006645514332,0.0,1
78,9.738886278583758,121.25695413245806,-8.5,1
78,15.92476965133437,114.1247457830994,-17.0,1
78,122.26941794918268,132.4667477093829,0.0,2
78,133.80585347127342,129.9677833241227,-8.5,2
78,145.33199022690033,127.46766121514146,-17.0,2
78,74.08997005947965,75.3028891668012,0.0,3
78,84.3007910482627,73.346554959989,-8.5,3
78,94.4744085145038,71.38611812185361,-17.0,3
78,84.53944328117376,90.87423478588484,0.0,4
78,85.60868309826964,92.07682946130583,-8.5,4
78,86.67845512183021,93.27524855418554,-17.0,4
78,58.742178328259975,82.81784725509281,0.0,5
78,59.4469575685489,81.32764630368133,-8.5,5
78,60.139737071306165,79.82557446544392,-17.0,5
78,118.23174574445422,143.8741825689418,0.0,6
78,125.64621470807599,144.585109011771,-8.5,6
78,133.04839272049796,145.29813704526728,-17.0,6
78,45.31508854311859,118.4290202127338,0.0,7
78,55.82998085594683,120.26184121479479,-8.5,7
78,66.35237249600047,122.08194892084376,-17.0,7
79,99.99841207610979,132.16017185424553,0.0,1
79,109.06343491013585,140.9618490140073,-8.5,1
79,118.11882520012442,149.78244629551693,-17.0,1
79,96.56287536820075,8.658641620826122,0.0,2
79,58.46520983878813,50.48230741419614,-8.5,2
79,20.381101140259553,92.28899485710375,-17.0,2
79,2.898972277772476,113.56695926253742,0.0,3
79,8.299926168925877,112.58704157866305,-8.5,3
79,13.724022735349434,111.59540326328626,-17.0,3
79,26.744718361363105,109.39960822223823,0.0,4
79,32.643375528875616,99.26184513479278,-8.5,4
79,38.55430557660389,89.13688489501813,-17.0,4
79,61.26234294528119,78.89759400711725,0.0,5
79,65.90765917631519,77.26990921170398,-8.5,5
79,70.55970499798153,75.66056722994676,-17.0,5
79,3.5103288693214445,3.919899256251725,0.0,6
79,67.38785988601852,62.848998959027234,-8.5,6
79,131.26443633505477,121.78124602147497,-17.0,6
79,91.13609332198332,63.880768326572,0.0,7
79,66.32981881441889,71.24958373980671,-8.5,7
79,41.51881625496969,78.62013496380784,-17.0,7
80,8.692183758419453,130.1789150877459,0.0,1
80,6.534737622870013,130.96770203011727,-8.5,1
80,4.365733741877247,131.75844321326792,-17.0,1
80,60.67538733740696,110.94387604356169,0.0,2
80,78.84892331251693,113.18240729195156,-8.5,2
80,97.01586091750784,115.40943206362418,-17.0,2
80,133.6016255969835,110.15294733952125,0.0,3
80,132.50322786303184,109.18328278892085,-8.5,3
80,131.40184635853748,108.21192142374774,-17.0,3
80,24.827457880274796,149.14946349452987,0.0,4
80,25.83744162450187,134.60026060864718,-8.5,4
80,26.836226749387908,120.04958956576803,-17.0,4
80,78.84170008419817,49.14119918068418,0.0,5
80,74.63663149856676,39.39271886899437,-8.5,5
80,70.4123590483451,29.637773578096315,-17.0,5
80,51.31399926697219,148.39533521960254,0.0,6
80,46.85384814369976,161.28653969388637,-8.5,6
80,42.39663051201113,174.20258496299522,-17.0,6
80,85.29722474495816,148.61527254333512,0.0,7
80,76.53246126025806,144.49084330285402,-8.5,7
80,67.76678967338592,140.35250725877475,-17.0,7
81,1.3645148809976744,118.82539838891576,0.0,1
81,8.140796463768599,113.62862582525248,-8.5,1
81,14.918452947243964,108.42828541129238,-17.0,1
81,68.03025940421117,88.26057084584745,0.0,2
81,63.90894449651304,91.60568184191462,-8.5,2
81,59.76707747527022,94.93298166917256,-17.0,2
81,45.90463213929281,135.131563866576,0.0,3
81,46.50594578349643,147.55640299106855,-8.5,3
81,47.10671919374378,159.97592431739125,-17.0,3
81,64.37543020608595,124.86273395492255,0.0,4
81,52.44337262701225,134.12686834861722,-8.5,4
81,40.50902855632204,143.38619326413044,-17.0,4
81,148.04207887366184,88.93864922973373,0.0,5
81,138.0344167266644,91.57666134688327,-8.5,5
81,128.04118746246272,94.22142068998605,-17.0,5
81,90.31711874403561,45.01522338563549,0.0,6
81,84.48036218248838,58.9239054500743,-8.5,6
81,78.63990834741882,72.8413015379597,-17.0,6
81,72.83723973081322,22.961407028877446,0.0,7
81,59.313087738440316,14.337269881385383,-8.5,7
81,45.787317185280735,5.7073978127919345,-17.0,7
82,121.08515486370224,40.66905115983677,0.0,1
82,125.9622413774134,74.00104503171497,-8.5,1
82,130.83180772133048,107.32199296787427,-17.0,1
82,119.6357244066751,59.93919664301434,0.0,2
82,125.95670704937316,78.48484152001565,-8.5,2
82,132.28588008029982,97.03187877057582,-17.0,2
82,61.07018031267769,143.12410128426518,0.0,3
82,40.4204279337108,147.84582852407715,-8.5,3
82,19.781180573956522,152.5693379930088,-17.0,3
82,100.17068965644505,23.120547728115486,0.0,4
82,109.9245839146302,37.88577150629324,-8.5,4
82,119.67350775132944,52.65771534947678,-17.0,4
82,0.4430939879185149,92.2128075435024,0.0,5
82,7.638112322552314,87.26805867210082,-8.5,5
82,14.836452190788336,82.30882429547498,-17.0,5
82,40.454371081903496,56.611802193613904,0.0,6
82,54.101199436577765,74.65510160292897,-8.5,6
82,67.74365420753067,92.69966155615509,-17.0,6
82,75.12815717808991,9.504511464587761,0.0,7
82,71.13462304686713,5.317291172637838,-8.5,7
82,67.14302909116036,1.1345267469195324,-17.0,7
83,1.2241289922600114,18.463914563619163,0.0,1
83,5.591909794511422,11.344375936066482,-8.5,1
83,9.955356533897609,4.199534273681931,-17.0,1
83,66.95519778813518,55.70156085181724,0.0,2
83,67.80496369167606,51.48419029458862,-8.5,2
83,68.6583242890414,47.26957984828454,-17.0,2
83,60.307682760784104,105.87261682497179,0.0,3
83,97.38760050876546,56.85746347440723,-8.5,3
83,134.48158712020643,7.840237647814266,-17.0,3
83,129.62659268280723,142.24619855251046,0.0,4
83,118.03999668518689,145.16691503789744,-8.5,4
83,106.43645286222969,148.09326591492325,-17.0,4
83,95.90564541052419,52.258442311449755,0.0,5
83,92.58417431704456,52.1103680464801,-8.5,5
83,89.28600700811008,51.97868070164827,-17.0,5
83,38.41736554374698,134.80620888241253,0.0,6
83,36.90584845950075,132.20500568019284,-8.5,6
83,35.38588671862574,129.61734530785438,-17.0,6
83,134.95785154173342,20.745525373892605,0.0,7
83,133.17718116402628,18.522783770432913,-8.5,7
83,131.39238975989488,16.288017283463667,-17.0,7
84,76.34923169528687,145.52633394446494,0.0,1
84,62.51555904341628,155.14931691835707,-8.5,1
84,48.69136612808826,164.78783653314338,-17.0,1
84,79.1906707101399,74.35524875036018,0.0,2
84,76.5890532528579,76.50257262717341,-8.5,2
84,74.0148635411757,78.65752411078228,-17.0,2
84,145.47567783990743,149.57621333924652,0.0,3
84,139.424277650711,128.54350807578436,-8.5,3
84,133.33258371109937,107.5061382990334,-17.0,3
84,62.92368090714816,124.04880592386776,0.0,4
84,59.722506516857905,109.60783306068578,-8.5,4
84,56.531333510280106,95.15357146332742,-17.0,4
84,121.0110693438793,127.82437144476599,0.0,5
84,118.36192897724057,130.97152923728444,-8.5,5
84,115.69812287141856,134.1165557813124,-17.0,5
84,86.89705743270352,22.990364574423968,0.0,6
84,82.46083441739192,24.555645129729246,-8.5,6
84,78.04077441034619,26.130131189042363,-17.0,6
84,69.70054983496226,70.30766977736225,0.0,7
84,74.7640482030251,81.87305183831593,-8.5,7
84,79.82402781943429,93.44647017804861,-17.0,7
85,20.298061850024425,119.83010234685979,0.0,1
85,16.181176855010246,115.0709141799954,-8.5,1
85,12.049275736723724,110.30410643488786,-17.0,1
85,28.340521991622204,116.56651101311267,0.0,2
85,19.733121043781217,116.77669243417746,-8.5,2
85,11.112914444831198,116.99658095888088,-17.0,2
85,147.76644148545003,127.64001717439702,0.0,3
85,112.38713044244997,82.51376972422847,-8.5,3
85,77.01661032155498,37.39962750718391,-17.0,3
85,102.28641005945467,114.44845577076428,0.0,4
85,101.86449028267961,86.14137034032076,-8.5,4
85,101.45967606229736,57.840281012575645,-17.0,4
85,144.1496793095031,109.63802163146273,0.0,5
85,143.04012740814957,114.51859102075232,-8.5,5
85,141.93127733983428,119.39735065817608,-17.0,5
85,92.83063900310347,46.256502100406166,0.0,6
85,98.82810211992805,64.36321013963502,-8.5,6
85,104.8057810767036,82.47553058749166,-17.0,6
85,5.00246105637319,120.050860836794,0.0,7
85,20.76631290533436,117.92652944045295,-8.5,7
85,36.53497223923954,115.80924082911403,-17.0,7
86,122.05695188038679,78.44542391362221,0.0,1
86,109.07135324747648,96.08122582286968,-8.5,1
86,96.06678268700763,113.7213469788093,-17.0,1
86,96.11779352132113,94.73238335900942,0.0,2
86,69.52696556020247,119.600275352847,-8.5,2
86,42.951524871285784,144.47237848226544,-17.0,2
86,103.60610857564046,81.98487064352926,0.0,3
86,103.37930367295029,94.20991702863215,-8.5,3
86,103.15604784914315,106.43712957496321,-17.0,3
86,99.15827996618565,62.202894361525786,0.0,4
86,90.29247173391137,61.32526330430234,-8.5,4
86,81.45592206423616,60.45562645945317,-17.0,4
86,60.86904781449672,2.3289623737064007,0.0,5
86,69.38114751847544,13.159743759351011,-8.5,5
86,77.9159099973495,23.975164690024595,-17.0,5
86,90.56884640397196,140.2632579658036,0.0,6
86,67.0033710023702,134.45349305687478,-8.5,6
86,43.431755514802155,128.63795187575474,-17.0,6
86,70.3370208832173,63.99365988509251,0.0,7
86,72.44597229573816,64.33159503187757,-8.5,7
86,74.54832550635402,64.67349861525459,-17.0,7
87,111.3123103771249,141.91641773728244,0.0,1
87,108.09160733068822,118.14003188680347,-8.5,1
87,104.86098264177728,94.38429101412157,-17.0,1
87,104.38931632438289,99.11883247600689,0.0,2
87,102.05232108356049,99.31745195285424,-8.5,2
87,99.70781121732105,99.50799727988226,-17.0,2
87,12.70121932380214,122.89029855781173,0.0,3
87,29.013360331595713,114.14248380124789,-8.5,3
87,45.314012731670864,105.39397485751225,-17.0,3
87,113.44866389803003,41.89775914417939,0.0,4
87,106.55110154340443,28.075662092849814,-8.5,4
87,99.6664181953835,14.240389182239669,-17.0,4
87,136.64378664692052,87.59648145915614,0.0,5
87,134.49073622217634,86.57928167992975,-8.5,5
87,132.333430412196,85.55183862322471,-17.0,5
87,32.600440401695636,5.250683958965616,0.0,6
87,22.44372108934529,9.223807419397362,-8.5,6
87,12.289398673116475,13.184781076630845,-17.0,6
87,119.17625888422579,53.703577188812815,0.0,7
87,114.0778795930612,40.54989311077412,-8.5,7
87,108.96514307693805,27.37340828417374,-17.0,7
88,81.52480167705485,62.72340544786587,0.0,1
88,87.65105044448825,58.69882344665718,-8.5,1
88,93.78752713604005,54.675297793192,-17.0,1
88,112.70832434861327,86.25349940954288,0.0,2
88,87.7631549762402,78.90872030437876,-8.5,2
88,62.82579954558497,71.54086837532988,-17.0,2
88,140.69705952562498,72.40120089588086,0.0,3
88,119.21076565496628,71.7208946208664,-8.5,3
88,97.71286893032317,71.03449203788854,-17.0,3
88,104.66970781015127,92.95672185044556,0.0,4
88,115.37868300930432,95.96034342189563,-8.5,4
88,126.06742663865668,98.97513177043344,-17.0,4
88,139.34652785712123,77.07332311496933,0.0,5
88,143.09374272151416,97.84120671818413,-8.5,5
88,146.8513661625218,118.59903539327311,-17.0,5
88,114.29501438896865,132.50454113426642,0.0,6
88,119.12208037460582,130.30365220528077,-8.5,6
88,123.9461395797065,128.1227914615673,-17.0,6
88,129.5265127219547,56.537261746093414,0.0,7
88,104.32721842635105,52.947565400951504,-8.5,7
88,79.14122944371121,49.35639328523875,-17.0,7
89,28.555624327340222,14.080918981722448,0.0,1
89,26.562525585268776,11.978908896690672,-8.5,1
89,24.582751110759308,9.877774765239156,-17.0,1
89,47.771045473713194,122.5775808247961,0.0,2
89,50.47926164275894,121.33281792330735,-8.5,2
89,53.1873644861049,120.1006646162941,-17.0,2
89,137.19027228519113,3.9439074923623356,0.0,3
89,134.0660805038054,2.898668570366458,-8.5,3
89,130.92969427918564,1.8724461538216157,-17.0,3
89,134.1423240739241,149.29328967237106,0.0,4
89,100.55718415614356,118.21351587477568,-8.5,4
89,66.96539059044895,87.12229824562874,-17.0,4
89,40.65401166555414,113.99294904844714,0.0,5
89,52.568596385703074,113.64799336056944,-8.5,5
89,64.47820094322238,113.32533938870738,-17.0,5
89,90.04061301229369,14.051975853164876,0.0,6
89,90.45668821768835,10.061611030199307,-8.5,6
89,90.8581279515778,6.052389513489259,-17.0,6
89,116.51686161384674,121.27698178240004,0.0,7
89,98.07480937470402,110.14068548944186,-8.5,7
89,79.63639161956841,98.99332012205645,-17.0,7
90,21.838551441202625,53.64775878130215,0.0,1
90,40.39499205585183,73.03007021409434,-8.5,1
90,58.95031498044659,92.40775858725661,-17.0,1
90,35.84406911533157,11.780642401545919,0.0,2
90,31.872373386048586,16.251854510138532,-8.5,2
90,27.89890402525097,20.737670318800614,-17.0,2
90,108.07521540451842,122.91862469301105,0.0,3
90,103.72101285367945,121.00036273447097,-8.5,3
90,99.34163620137272,119.07500752340145,-17.0,3
90,56.26605735864237,16.19355039930293,0.0,4
90,44.97672136622619,23.06042358214181,-8.5,4
90,33.729828631572616,29.93256566976047,-17.0,4
90,56.61142695546911,86.74372926861555,0.0,5
90,58.77386957563883,79.83876037175425,-8.5,5
90,60.9159717536465,72.9279740129907,-17.0,5
90,82.04363312239961,108.33516805450598,0.0,6
90,85.31480200908283,97.46491324219242,-8.5,6
90,88.59534664163358,86.58757750936687,-17.0,6
90,146.57680295283265,85.49656834678291,0.0,7
90,139.16847629011284,57.3914894371601,-8.5,7
90,131.748053197157,29.288432757854363,-17.0,7
91,4.6315517739284875,91.11113388253574,0.0,1
91,14.75756615343879,93.64978960350516,-8.5,1
91,24.891053366444176,96.20374225972218,-17.0,1
91,6.404250539982778,110.95127980413861,0.0,2
91,3.5959002008930616,116.40747392680922,-8.5,2
91,0.7880664055273383,121.84301370326638,-17.0,2
91,143.5183466548871,87.09479002585437,0.0,3
91,146.1022607249474,97.52426710987193,-8.5,3
91,148.68643468687924,107.97883055939099,-17.0,3
91,95.01678357323215,1.8979368392874372,0.0,4
91,100.76551497432288,2.0204385716992586,-8.5,4
91,106.52076698020363,2.1389082468861482,-17.0,4
91,106.46050647894057,120.791846939395,0.0,5
91,104.18222729395929,125.83268889114203,-8.5,5
91,101.90688804460298,130.8963218718459,-17.0,5
91,64.86373599357981,83.89349123430179,0.0,6
91,61.92173144191733,87.3762994862779,-8.5,6
91,58.99536111857426,90.85010257730939,-17.0,6
91,43.32714381980812,29.974039032832902,0.0,7
91,53.531567067656034,23.791258803587432,-8.5,7
91,63.734594751192034,17.606861116277763,-17.0,7
92,77.99723350431685,62.436645214980985,0.0,1
92,87.27989033765019,73.04391333819606,-8.5,1
92,96.55436681151664,83.64180585442185,-17.0,1
92,118.65910270210958,71.77812800527285,0.0,2
92,111.76697702713285,55.77167079143929,-8.5,2
92,104.85711274978317,39.77464692640852,-17.0,2
92,134.7170112792281,28.554426941463298,0.0,3
92,127.56514864158304,39.69507728468285,-8.5,3
92,120.40366884268903,50.85899356510294,-17.0,3
92,7.267129616406342,113.5105874864864,0.0,4
92,39.563160304112735,117.8524566973762,-8.5,4
92,71.86087094752152,122.20607835411477,-17.0,4
92,54.12240691431029,36.57755234159191,0.0,5
92,52.787134547932865,56.73513460746787,-8.5,5
92,51.426978453914295,76.88794805177277,-17.0,5
92,111.50786753739528,87.15605640490956,0.0,6
92,58.68553884084744,49.40142384098673,-8.5,6
92,5.852453263918989,11.640453821083495,-17.0,6
92,133.64273687080103,118.50913618610136,0.0,7
92,132.72213150357018,122.47121581351658,-8.5,7
92,131.7883472349747,126.43877977394146,-17.0,7
93,76.25341941499074,74.06069877792832,0.0,1
93,46.631618710881526,85.39187915683559,-8.5,1
93,17.014338132353814,96.7273498667646,-17.0,1
93,69.43708741381553,49.040082765243575,0.0,2
93,76.06800181016425,48.71417256410466,-8.5,2
93,82.69602148353806,48.39869624536634,-17.0,2
93,49.74019056312967,105.5972837837469,0.0,3
93,46.6029940835023,106.00010188403651,-8.5,3
93,43.47630997254073,106.40344937105996,-17.0,3
93,85.01005945082292,146.61023500105338,0.0,4
93,81.18374332183807,144.09840148328283,-8.5,4
93,77.35969022404119,141.57718957796365,-17.0,4
93,117.011772214884,89.96189293421826,0.0,5
93,108.31089226929781,91.05172733136432,-8.5,5
93,99.60203565232025,92.13466218691572,-17.0,5
93,89.50750641448143,46.82579608310437,0.0,6
93,113.17448957353494,108.38817170782941,-8.5,6
93,136.84341083745284,169.9576212678015,-17.0,6
93,101.71686939639446,70.2437324820934,0.0,7
93,56.81711812756443,64.02083922173887,-8.5,7
93,11.907616262908773,57.80962519401381,-17.0,7
94,57.407173581999416,55.638649295432714,0.0,1
94,61.61307242987424,57.390247790293145,-8.5,1
94,65.8049274449592,59.13359974779402,-17.0,1
94,111.66769145414403,10.552921576384254,0.0,2
94,110.52412897207597,13.731166396092467,-8.5,2
94,109.37994386025606,16.903923996085584,-17.0,2
94,96.95390087163523,4.989004222046959,0.0,3
94,101.52182607621552,3.218635828674829,-8.5,3
94,106.09731834815776,1.448834700663208,-17.0,3
94,87.45371697076108,65.13042528843502,0.0,4
94,95.3727938626078,56.54384917906512,-8.5,4
94,103.26616169056666,47.96826704718187,-17.0,4
94,103.69084433879526,63.41050153959486,0.0,5
94,112.92060571708429,75.578794790353,-8.5,5
94,122.1499471236186,87.76883786697238,-17.0,5
94,16.087125337225178,123.78120171540982,0.0,6
94,14.735723683615975,125.26725580958527,-8.5,6
94,13.390102548267192,126.72864561223808,-17.0,6
94,99.33064064131561,15.934471459048948,0.0,7
94,107.87795093924385,13.053572727728838,-8.5,7
94,116.43545606410358,10.179530283958828,-17.0,7
95,21.90992715189228,37.472361314120135,0.0,1
95,16.059228118013518,38.86437888886716,-8.5,1
95,10.216112123152806,40.26352943144787,-17.0,1
95,44.80393210865955,108.1088451090636,0.0,2
95,43.39667783776261,114.27867882719829,-8.5,2
95,41.983887687946094,120.43591669477274,-17.0,2
95,61.65218635743019,56.85528803708964,0.0,3
95,75.15704705910295,70.4205734844754,-8.5,3
95,88.66868603069314,83.99744406169727,-17.0,3
95,53.18611350865185,52.04876931329206,0.0,4
95,51.43290360192825,52.69614900911093,-8.5,4
95,49.67031424190579,53.36064734055089,-17.0,4
95,132.16860220541415,94.59188227750242,0.0,5
95,128.14682402744216,84.47018923323868,-8.5,5
95,124.11187471346351,74.34414803330694,-17.0,5
95,120.85622141990541,119.17876324046286,0.0,6
95,135.02846838703417,118.35609901406367,-8.5,6
95,149.19165801726254,117.51322373522999,-17.0,6
95,2.388047463652961,13.775137591008612,0.0,7
95,28.13203281648162,26.509702920982026,-8.5,7
95,53.88664979283266,39.24469189636853,-17.0,7
96,95.81983036803429,116.91059959321379,0.0,1
96,96.35073296194699,108.13947017155326,-8.5,1
96,96.88674786874093,99.36283064911177,-17.0,1
96,53.197992786932645,81.2238739720248,0.0,2
96,50.292528371951846,83.06717395616275,-8.5,2
96,47.39071144972147,84.8979998086305,-17.0,2
96,91.5512124395065,38.06665221086895,0.0,3
96,95.40706322109035,43.48649166453579,-8.5,3
96,99.26463501655583,48.92096693264634,-17.0,3
96,130.73220790504112,21.89498357307087,0.0,4
96,130.07136281527002,60.071811509736605,-8.5,4
96,129.41974291326213,98.24982559770527,-17.0,4
96,64.2860612191736,127.0638215306146,0.0,5
96,71.72658797738366,122.93093636101736,-8.5,5
96,79.17162302749377,118.8096507957175,-17.0,5
96,103.30758026208646,148.65446129453483,0.0,6
96,100.19290136142995,155.49251076599117,-8.5,6
96,97.09775592538983,162.33768820147583,-17.0,6
96,40.295042928435805,108.28640170211204,0.0,7
96,32.60341756180564,99.22812776043624,-8.5,7
96,24.928470258469957,90.21127194038773,-17.0,7
97,133.89671445830734,79.70696417471498,0.0,1
97,95.92037341251898,77.8961735276667,-8.5,1
97,57.95091814174332,76.09691791458613,-17.0,1
97,135.61019839994472,109.50044034900988,0.0,2
97,131.45748505887107,82.3175180282332,-8.5,2
97,127.31459719998306,55.12781130444216,-17.0,2
97,91.14823323748594,141.61095364480934,0.0,3
97,81.38724735827483,127.3589508514845,-8.5,3
97,71.62128115180376,113.11370183424461,-17.0,3
97,10.03914011096346,90.52941056534944,0.0,4
97,28.30038622722519,97.82391676164454,-8.5,4
97,46.56994991704074,105.10647556261877,-17.0,4
97,30.90540600354117,105.14810856551203,0.0,5
97,20.96036650811073,93.97417440007177,-8.5,5
97,11.024090232623196,82.79631961419705,-17.0,5
97,15.258289412210328,88.4276179138498,0.0,6
97,50.09879223545587,64.28525228022221,-8.5,6
97,84.95303372463052,40.13680919372535,-17.0,6
97,103.12124593033853,126.49791490509702,0.0,7
97,93.94509074080332,117.41500714434318,-8.5,7
97,84.77293664943043,108.31197825179129,-17.0,7
98,50.69733319547638,9.180879358997057,0.0,1
98,47.54263120801697,5.765746219157185,-8.5,1
98,44.393636519054,2.355136033483479,-17.0,1
98,11.784228650344689,77.1850900007626,0.0,2
98,25.036309416292493,71.0756449788443,-8.5,2
98,38.3035868618075,64.97821376718406,-17.0,2
98,66.31876868258347,41.04439022721838,0.0,3
98,73.47935179997275,39.79523858360793,-8.5,3
98,80.65246699256447,38.54379943897316,-17.0,3
98,99.31268118480219,106.74801201606188,0.0,4
98,113.84308348081241,118.80532868852244,-8.5,4
98,128.37651869615874,130.86533915291,-17.0,4
98,72.40615601149831,118.34626837900359,0.0,5
98,56.10611151158281,130.56517013085872,-8.5,5
98,39.80551892033294,142.7781940606389,-17.0,5
98,112.5081588615434,53.9664366201979,0.0,6
98,105.86368380690608,46.2164393476791,-8.5,6
98,99.22576162037788,38.43534057480363,-17.0,6
98,132.09202730497105,86.91401129177287,0.0,7
98,131.76572905359697,116.4908492069158,-8.5,7
98,131.45836825752914,146.08762625963695,-17.0,7
99,43.2621579034706,1.0529743324585565,0.0,1
99,34.55859363519439,9.151993917281029,-8.5,1
99,25.85535116160236,17.27168267247493,-17.0,1
99,38.68608590063838,47.327872280215956,0.0,2
99,36.7718420076369,72.37121119058669,-8.5,2
99,34.87653639288943,97.40947991297978,-17.0,2
99,135.7415064423574,59.177568968836695,0.0,3
99,89.8561896317088,93.99574781282215,-8.5,3
99,43.96826592755021,128.80887036141078,-17.0,3
99,20.56048554041464,12.813862854189201,0.0,4
99,32.93514687230848,15.08158901224195,-8.5,4
99,45.31313207918662,17.346543569764297,-17.0,4
99,38.778672083246775,0.7903896773387493,0.0,5
99,40.18725841957133,1.2166373113457398,-8.5,5
99,41.59754310158846,1.626102564839166,-17.0,5
99,76.21918053510221,120.97907793645354,0.0,6
99,108.69296023483025,109.03979173591016,-8.5,6
99,141.18409901022972,97.10916315815881,-17.0,6
99,91.5243675908113,21.716986331963792,0.0,7
99,71.84531862559481,74.12617586046093,-8.5,7
99,52.15692833851997,126.54590289421998,-17.0,7
100,68.0338453864321,15.953354694637207,0.0,1
100,60.29146501714556,37.45038594561479,-8.5,1
100,52.538655927435244,58.93628927154655,-17.0,1
100,139.28634594142918,90.09085263216177,0.0,2
100,136.83228449560303,84.54937560040729,-8.5,2
100,134.37111337036268,79.01977367595651,-17.0,2
100,7.494670271607342,149.29417173686267,0.0,3
100,17.349625586867887,161.56004143046846,-8.5,3
100,27.1898035781474,173.81868317122937,-17.0,3
100,2.392399308093822,48.91684779911609,0.0,4
100,15.369486507721858,39.508512324598044,-8.5,4
100,28.36155877114056,30.076428959508046,-17.0,4
100,123.58738456424433,84.1119707186725,0.0,5
100,116.95565846326822,91.73181826641523,-8.5,5
100,110.32934314079158,99.37982811386512,-17.0,5
100,102.41261562166372,26.709136738085306,0.0,6
100,73.18601497675466,21.515294704241537,-8.5,6
100,43.9533312680564,16.30951760884434,-17.0,6
100,125.56020926336812,80.78084090831625,0.0,7
100,98.69169180779247,76.98192717316557,-8.5,7
100,71.82525046405433,73.19748105374825,-17.0,7
